property,kind,file,line,spec,event,snippet
GENERATED_CIPHER,READ,CipherInputStreamSpec.mop,22,CipherInputStreamSpec,c1,"if (!ExecutionContext.instance().validate(Property.GENERATED_CIPHER, ciph)) {"
GENERATED_CIPHER,READ,CipherOutputStreamSpec.mop,21,CipherOutputStreamSpec,c1,"if (!ExecutionContext.instance().validate(Property.GENERATED_CIPHER, ciph)) {"
RANDOMIZED,READ,CipherSpec.mop,64,CipherSpec,<spec-body>,"if (ranGen != null && !ExecutionContext.instance().validate(Property.RANDOMIZED, ranGen)) {"
PREPARED_IV,READ,CipherSpec.mop,84,CipherSpec,<spec-body>,"&& !ExecutionContext.instance().validate(Property.PREPARED_IV, params)) {"
PREPARED_GCM,READ,CipherSpec.mop,89,CipherSpec,<spec-body>,"&& !ExecutionContext.instance().validate(Property.PREPARED_GCM, params)) {"
MACED,READ,CipherSpec.mop,102,CipherSpec,<spec-body>,"if (plainText != null && ExecutionContext.instance().validate(Property.MACED, plainText)) {"
GENERATED_KEY,READ,CipherSpec.mop,156,CipherSpec,init2,"|| ExecutionContext.instance().validate(Property.GENERATED_KEY, keyOrCert)"
GENERATED_PUBLIC_KEY,READ,CipherSpec.mop,157,CipherSpec,init2,"|| ExecutionContext.instance().validate(Property.GENERATED_PUBLIC_KEY, keyOrCert)"
GENERATED_PRIVATE_KEY,READ,CipherSpec.mop,158,CipherSpec,init2,"|| ExecutionContext.instance().validate(Property.GENERATED_PRIVATE_KEY, keyOrCert)"
GENERATED_CIPHER,WRITE,CipherSpec.mop,161,CipherSpec,init2,"ExecutionContext.instance().setProperty(Property.GENERATED_CIPHER, c);"
GENERATED_KEY,READ,CipherSpec.mop,177,CipherSpec,init3,"|| ExecutionContext.instance().validate(Property.GENERATED_KEY, keyOrCert)"
GENERATED_PUBLIC_KEY,READ,CipherSpec.mop,178,CipherSpec,init3,"|| ExecutionContext.instance().validate(Property.GENERATED_PUBLIC_KEY, keyOrCert)"
GENERATED_PRIVATE_KEY,READ,CipherSpec.mop,179,CipherSpec,init3,"|| ExecutionContext.instance().validate(Property.GENERATED_PRIVATE_KEY, keyOrCert)"
GENERATED_CIPHER,WRITE,CipherSpec.mop,188,CipherSpec,init3,"ExecutionContext.instance().setProperty(Property.GENERATED_CIPHER, c);"
GENERATED_KEY,READ,CipherSpec.mop,198,CipherSpec,init4,"ExecutionContext.instance().validate(Property.GENERATED_KEY, key)"
GENERATED_PUBLIC_KEY,READ,CipherSpec.mop,199,CipherSpec,init4,"|| ExecutionContext.instance().validate(Property.GENERATED_PUBLIC_KEY, key)"
GENERATED_PRIVATE_KEY,READ,CipherSpec.mop,200,CipherSpec,init4,"|| ExecutionContext.instance().validate(Property.GENERATED_PRIVATE_KEY, key)"
GENERATED_CIPHER,WRITE,CipherSpec.mop,207,CipherSpec,init4,"ExecutionContext.instance().setProperty(Property.GENERATED_CIPHER, c);"
ENCRYPTED,WRITE,CipherSpec.mop,216,CipherSpec,u1,"ExecutionContext.instance().setProperty(Property.ENCRYPTED, cipherText);"
ENCRYPTED,WRITE,CipherSpec.mop,225,CipherSpec,u3,"ExecutionContext.instance().setProperty(Property.ENCRYPTED, cipherText);"
ENCRYPTED,WRITE,CipherSpec.mop,232,CipherSpec,u5,"ExecutionContext.instance().setProperty(Property.ENCRYPTED, cipherBuffer);"
WRAPPED_KEY,WRITE,CipherSpec.mop,238,CipherSpec,wkb1,"ExecutionContext.instance().setProperty(Property.WRAPPED_KEY, wrappedKeyBytes);"
ENCRYPTED,WRITE,CipherSpec.mop,244,CipherSpec,f1,"ExecutionContext.instance().setProperty(Property.ENCRYPTED, cipherText);"
ENCRYPTED,WRITE,CipherSpec.mop,257,CipherSpec,f2,"ExecutionContext.instance().setProperty(Property.ENCRYPTED, cipherText);"
ENCRYPTED,WRITE,CipherSpec.mop,264,CipherSpec,f3,"ExecutionContext.instance().setProperty(Property.ENCRYPTED, cipherText);"
ENCRYPTED,WRITE,CipherSpec.mop,273,CipherSpec,f5,"ExecutionContext.instance().setProperty(Property.ENCRYPTED, cipherText);"
ENCRYPTED,WRITE,CipherSpec.mop,280,CipherSpec,f7,"ExecutionContext.instance().setProperty(Property.ENCRYPTED, cipherTextBuffer);"
PREPARED_DH,WRITE,DHGenParameterSpecSpec.mop,36,DHGenParameterSpecSpec,@match,"ExecutionContext.instance().setProperty(Property.PREPARED_DH, spec);"
RANDOMIZED,READ,GCMParameterSpecSpec.mop,28,GCMParameterSpecSpec,c1,"ExecutionContext.instance().validate(Property.RANDOMIZED, src)"
RANDOMIZED,READ,GCMParameterSpecSpec.mop,39,GCMParameterSpecSpec,c1,"ExecutionContext.instance().validate(Property.RANDOMIZED, src) &&"
PREPARED_GCM,WRITE,GCMParameterSpecSpec.mop,56,GCMParameterSpecSpec,@match,"ExecutionContext.instance().setProperty(Property.PREPARED_GCM, spec);"
PREPARED_HMAC,WRITE,HMACParameterSpecSpec.mop,35,HMACParameterSpecSpec,@match,"ExecutionContext.instance().setProperty(Property.PREPARED_HMAC, spec);"
RANDOMIZED,READ,IvParameterSpec.mop,25,IvParameterSpecSpec,c1,"ExecutionContext.instance().validate(Property.RANDOMIZED, iv)"
RANDOMIZED,READ,IvParameterSpec.mop,34,IvParameterSpecSpec,c2,"ExecutionContext.instance().validate(Property.RANDOMIZED, iv) &&"
RANDOMIZED,READ,IvParameterSpec.mop,46,IvParameterSpecSpec,c3,"!ExecutionContext.instance().validate(Property.RANDOMIZED, iv)"
RANDOMIZED,READ,IvParameterSpec.mop,54,IvParameterSpecSpec,c4,"condition(!ExecutionContext.instance().validate(Property.RANDOMIZED, iv)) {"
PREPARED_IV,WRITE,IvParameterSpec.mop,74,IvParameterSpecSpec,@match,"ExecutionContext.instance().setProperty(Property.PREPARED_IV, spec);"
RANDOMIZED,READ,KeyGeneratorSpec.mop,34,KeyGeneratorSpec,<spec-body>,"if (random != null && !ExecutionContext.instance().validate(Property.RANDOMIZED, random)) {"
GENERATED_KEY,WRITE,KeyGeneratorSpec.mop,114,KeyGeneratorSpec,gk1,"ExecutionContext.instance().setProperty(Property.GENERATED_KEY, generatedKey);"
GENERATED_KEY,REMOVE,KeyGeneratorSpec.mop,124,KeyGeneratorSpec,@fail,"ExecutionContext.instance().remove(Property.GENERATED_KEY, generatedKey);"
GENERATED_KEY_STORE,READ,KeyManagerFactorySpec.mop,76,KeyManagerFactorySpec,i1,"if (keyStore != null && !ExecutionContext.instance().validate(Property.GENERATED_KEY_STORE, keyStore)) {"
GENERATED_KEY_MANAGERS,WRITE,KeyManagerFactorySpec.mop,80,KeyManagerFactorySpec,i1,"ExecutionContext.instance().setProperty(Property.GENERATED_KEY_MANAGERS, keyManagerFactory);"
GENERATED_KEY_MANAGERS,WRITE,KeyManagerFactorySpec.mop,91,KeyManagerFactorySpec,i2,"ExecutionContext.instance().setProperty(Property.GENERATED_KEY_MANAGERS, keyManagerFactory);"
GENERATED_KEY_MANAGERS,WRITE,KeyManagerFactorySpec.mop,98,KeyManagerFactorySpec,gkm1,"ExecutionContext.instance().setProperty(Property.GENERATED_KEY_MANAGERS, keyManager);"
GENERATED_KEY_MANAGERS,REMOVE,KeyManagerFactorySpec.mop,127,KeyManagerFactorySpec,@fail,"ExecutionContext.instance().remove(Property.GENERATED_KEY_MANAGERS, keyManagerFactory);"
GENERATED_KEY_MANAGERS,REMOVE,KeyManagerFactorySpec.mop,128,KeyManagerFactorySpec,@fail,"ExecutionContext.instance().remove(Property.GENERATED_KEY_MANAGERS, keyManagers);"
PREPARED_DH,READ,KeyPairGeneratorSpec.mop,96,KeyPairGeneratorSpec,init3,"&& !ExecutionContext.instance().validate(Property.PREPARED_DH, params)) {"
PREPARED_DH,READ,KeyPairGeneratorSpec.mop,107,KeyPairGeneratorSpec,init4,"&& !ExecutionContext.instance().validate(Property.PREPARED_DH, params)) {"
GENERATED_KEY_PAIR,WRITE,KeyPairGeneratorSpec.mop,126,KeyPairGeneratorSpec,gen,"ExecutionContext.instance().setProperty(Property.GENERATED_KEY_PAIR, kp);"
GENERATED_KEY_PAIR,REMOVE,KeyPairGeneratorSpec.mop,139,KeyPairGeneratorSpec,@fail,"ExecutionContext.instance().remove(Property.GENERATED_KEY_PAIR, kp);"
GENERATED_PUBLIC_KEY,READ,KeyPairSpec.mop,32,KeyPairSpec,c1,"if (publicKey != null && !ExecutionContext.instance().validate(Property.GENERATED_PUBLIC_KEY, publicKey)) {"
GENERATED_PRIVATE_KEY,READ,KeyPairSpec.mop,36,KeyPairSpec,c1,"if (privateKey != null && !ExecutionContext.instance().validate(Property.GENERATED_PRIVATE_KEY, privateKey)) {"
GENERATED_KEY_PAIR,WRITE,KeyPairSpec.mop,41,KeyPairSpec,c1,"ExecutionContext.instance().setProperty(Property.GENERATED_KEY_PAIR, kp);"
GENERATED_PUBLIC_KEY,WRITE,KeyPairSpec.mop,47,KeyPairSpec,gpu,"ExecutionContext.instance().setProperty(Property.GENERATED_PUBLIC_KEY, publicKey);"
GENERATED_PRIVATE_KEY,WRITE,KeyPairSpec.mop,58,KeyPairSpec,gpr,"ExecutionContext.instance().setProperty(Property.GENERATED_PRIVATE_KEY, privateKey);"
GENERATED_KEY_STORE,WRITE,KeyStoreSpec.mop,48,KeyStoreSpec,load,"ExecutionContext.instance().setProperty(Property.GENERATED_KEY_STORE, keyStore);"
GENERATED_KEY,WRITE,KeyStoreSpec.mop,71,KeyStoreSpec,gk1,"ExecutionContext.instance().setProperty(Property.GENERATED_KEY, generatedKey);"
GENERATED_PRIVATE_KEY,WRITE,KeyStoreSpec.mop,77,KeyStoreSpec,gk1,"ExecutionContext.instance().setProperty(Property.GENERATED_PRIVATE_KEY, generatedKey);"
GENERATED_PUBLIC_KEY,WRITE,KeyStoreSpec.mop,78,KeyStoreSpec,gk1,"ExecutionContext.instance().setProperty(Property.GENERATED_PUBLIC_KEY, generatedKey);"
GENERATED_KEY,REMOVE,KeyStoreSpec.mop,86,KeyStoreSpec,@fail,"ExecutionContext.instance().remove(Property.GENERATED_KEY, generatedKey);"
GENERATED_PRIVATE_KEY,REMOVE,KeyStoreSpec.mop,87,KeyStoreSpec,@fail,"ExecutionContext.instance().remove(Property.GENERATED_PRIVATE_KEY, generatedKey);"
GENERATED_PUBLIC_KEY,REMOVE,KeyStoreSpec.mop,88,KeyStoreSpec,@fail,"ExecutionContext.instance().remove(Property.GENERATED_PUBLIC_KEY, generatedKey);"
GENERATED_KEY_STORE,REMOVE,KeyStoreSpec.mop,89,KeyStoreSpec,@fail,"ExecutionContext.instance().remove(Property.GENERATED_KEY_STORE, keyStore);"
MACED,WRITE,MacSpec.mop,40,MacSpec,<spec-body>,"ExecutionContext.instance().setProperty(Property.MACED, input);"
MACED,WRITE,MacSpec.mop,44,MacSpec,<spec-body>,"ExecutionContext.instance().setProperty(Property.MACED, directInput);"
GENERATED_KEY,READ,MacSpec.mop,75,MacSpec,i1,"condition(ExecutionContext.instance().validate(Property.GENERATED_KEY, key)) {"
GENERATED_KEY,READ,MacSpec.mop,94,MacSpec,i2,"condition(ExecutionContext.instance().validate(Property.GENERATED_KEY, key))  {"
PREPARED_HMAC,READ,MacSpec.mop,99,MacSpec,i2,"if (params != null && !ExecutionContext.instance().validate(Property.PREPARED_HMAC, params)) {"
ENCRYPTED,READ,MacSpec.mop,151,MacSpec,f1,"if (output != null && ExecutionContext.instance().validate(Property.ENCRYPTED, output)) {"
GENERATED_MAC,WRITE,MacSpec.mop,157,MacSpec,f1,"ExecutionContext.instance().setProperty(Property.GENERATED_MAC, output);"
ENCRYPTED,READ,MacSpec.mop,166,MacSpec,f2,"if (output != null && ExecutionContext.instance().validate(Property.ENCRYPTED, output)) {"
GENERATED_MAC,WRITE,MacSpec.mop,172,MacSpec,f2,"ExecutionContext.instance().setProperty(Property.GENERATED_MAC, output);"
ENCRYPTED,READ,MacSpec.mop,180,MacSpec,f3,"if (output != null && ExecutionContext.instance().validate(Property.ENCRYPTED, output)) {"
GENERATED_MAC,WRITE,MacSpec.mop,186,MacSpec,f3,"ExecutionContext.instance().setProperty(Property.GENERATED_MAC, output);"
GENERATED_MAC,REMOVE,MacSpec.mop,195,MacSpec,@fail,"ExecutionContext.instance().remove(Property.GENERATED_MAC, generatedMac);"
DIGESTED,WRITE,MessageDigestSpec.mop,78,MessageDigestSpec,d1,"ExecutionContext.instance().setProperty(Property.DIGESTED, out);"
DIGESTED,WRITE,MessageDigestSpec.mop,91,MessageDigestSpec,d2,"ExecutionContext.instance().setProperty(Property.DIGESTED, out);"
DIGESTED,WRITE,MessageDigestSpec.mop,98,MessageDigestSpec,d3,"ExecutionContext.instance().setProperty(Property.DIGESTED, out);"
RANDOMIZED,READ,PBEKeySpecSpec.mop,43,PBEKeySpecSpec,c1,"ExecutionContext.instance().validate(Property.RANDOMIZED, password) &&"
RANDOMIZED,READ,PBEKeySpecSpec.mop,44,PBEKeySpecSpec,c1,"ExecutionContext.instance().validate(Property.RANDOMIZED, salt)"
SPECCED_KEY,WRITE,PBEKeySpecSpec.mop,47,PBEKeySpecSpec,c1,"ExecutionContext.instance().setProperty(Property.SPECCED_KEY, spec);"
RANDOMIZED,READ,PBEKeySpecSpec.mop,61,PBEKeySpecSpec,err2,"condition( ! ExecutionContext.instance().validate(Property.RANDOMIZED, password) ) {"
RANDOMIZED,READ,PBEKeySpecSpec.mop,69,PBEKeySpecSpec,err3,"condition( ! ExecutionContext.instance().validate(Property.RANDOMIZED, salt) ) {"
SPECCED_KEY,REMOVE,PBEKeySpecSpec.mop,77,PBEKeySpecSpec,c2,"ExecutionContext.instance().remove(Property.SPECCED_KEY, s);"
RANDOMIZED,READ,PBEParameterSpecSpec.mop,27,PBEParameterSpecSpec,c1,"ExecutionContext.instance().validate(Property.RANDOMIZED, salt)"
RANDOMIZED,READ,PBEParameterSpecSpec.mop,37,PBEParameterSpecSpec,c2,"ExecutionContext.instance().validate(Property.RANDOMIZED, salt)"
RANDOMIZED,READ,PBEParameterSpecSpec.mop,47,PBEParameterSpecSpec,c3,"!(ExecutionContext.instance().validate(Property.RANDOMIZED, salt))"
PREPARED_PBE,WRITE,PBEParameterSpecSpec.mop,66,PBEParameterSpecSpec,@match,"ExecutionContext.instance().setProperty(Property.PREPARED_PBE, spec);"
RANDOMIZED,READ,RandomStringPassword.mop,14,RandomStringPasswordSpec,vo,"condition(ExecutionContext.instance().validate(Property.RANDOMIZED, obj)) {"
RANDOMIZED,WRITE,RandomStringPassword.mop,15,RandomStringPasswordSpec,vo,"ExecutionContext.instance().setProperty(Property.RANDOMIZED, s);"
RANDOMIZED,READ,RandomStringPassword.mop,21,RandomStringPasswordSpec,gb,"condition(ExecutionContext.instance().validate(Property.RANDOMIZED, s)) {"
RANDOMIZED,WRITE,RandomStringPassword.mop,22,RandomStringPasswordSpec,gb,"ExecutionContext.instance().setProperty(Property.RANDOMIZED, chars);"
GENERATED_KEY_MANAGERS,READ,SSLContextSpec.mop,74,SSLContextSpec,init,"if (km != null && !ExecutionContext.instance().validate(Property.GENERATED_KEY_MANAGERS, km)) {"
GENERATED_TRUST_MANAGERS,READ,SSLContextSpec.mop,78,SSLContextSpec,init,"if (tm != null && !ExecutionContext.instance().validate(Property.GENERATED_TRUST_MANAGERS, tm)) {"
RANDOMIZED,READ,SSLContextSpec.mop,82,SSLContextSpec,init,"if (random != null && !ExecutionContext.instance().validate(Property.RANDOMIZED, random)) {"
GENERATE_SSL_CONTEXT,WRITE,SSLContextSpec.mop,86,SSLContextSpec,init,"ExecutionContext.instance().setProperty(Property.GENERATE_SSL_CONTEXT, context);"
GENERATE_SSL_ENGINE,WRITE,SSLContextSpec.mop,92,SSLContextSpec,engine,"ExecutionContext.instance().setProperty(Property.GENERATE_SSL_ENGINE, eng);"
GENERATED_KEY,READ,SecretKeySpec.mop,25,SecretKeySpec,e1,"condition(ExecutionContext.instance().validate(Property.GENERATED_KEY, secretKey)) {"
RANDOMIZED,WRITE,SecretKeySpec.mop,26,SecretKeySpec,e1,"ExecutionContext.instance().setProperty(Property.RANDOMIZED, key);"
GENERATED_KEY,REMOVE,SecretKeySpec.mop,41,SecretKeySpec,d,"ExecutionContext.instance().remove(Property.GENERATED_KEY, secretKey);"
RANDOMIZED,READ,SecretKeySpecSpec.mop,29,SecretKeySpecSpec,c1,"ExecutionContext.instance().validate(Property.RANDOMIZED, keyMaterial))"
RANDOMIZED,READ,SecretKeySpecSpec.mop,46,SecretKeySpecSpec,c3,"ExecutionContext.instance().validate(Property.RANDOMIZED, keyMaterial))"
GENERATED_KEY,WRITE,SecretKeySpecSpec.mop,81,SecretKeySpecSpec,@match,"ExecutionContext.instance().setProperty(Property.GENERATED_KEY, spec);"
SPECCED_KEY,WRITE,SecretKeySpecSpec.mop,82,SecretKeySpecSpec,@match,"ExecutionContext.instance().setProperty(Property.SPECCED_KEY, spec);"
RANDOMIZED,READ,SecureRandomSpec.mop,37,SecureRandomSpec,c2,"condition(ExecutionContext.instance().validate(Property.RANDOMIZED, seed)) {"
RANDOMIZED,READ,SecureRandomSpec.mop,45,SecureRandomSpec,c3,"condition(!ExecutionContext.instance().validate(Property.RANDOMIZED, seed)) {"
RANDOMIZED,READ,SecureRandomSpec.mop,92,SecureRandomSpec,setSeed2,"condition(ExecutionContext.instance().validate(Property.RANDOMIZED, seed)) {  }"
RANDOMIZED,READ,SecureRandomSpec.mop,98,SecureRandomSpec,setSeed3,"condition(!ExecutionContext.instance().validate(Property.RANDOMIZED, seed)) {"
RANDOMIZED,WRITE,SecureRandomSpec.mop,106,SecureRandomSpec,genSeed,"ExecutionContext.instance().setProperty(Property.RANDOMIZED, seed);"
RANDOMIZED,WRITE,SecureRandomSpec.mop,114,SecureRandomSpec,next1,"ExecutionContext.instance().setProperty(Property.RANDOMIZED, randIntInRange);"
RANDOMIZED,WRITE,SecureRandomSpec.mop,121,SecureRandomSpec,next2,"ExecutionContext.instance().setProperty(Property.RANDOMIZED, bytes);"
RANDOMIZED,WRITE,SecureRandomSpec.mop,127,SecureRandomSpec,next3,"ExecutionContext.instance().setProperty(Property.RANDOMIZED, randInt);"
RANDOMIZED,WRITE,SecureRandomSpec.mop,133,SecureRandomSpec,ints,"ExecutionContext.instance().setProperty(Property.RANDOMIZED, stream);"
RANDOMIZED,WRITE,SecureRandomSpec.mop,198,SecureRandomSpec,@match1,"ExecutionContext.instance().setProperty(Property.RANDOMIZED, sr);"
GENERATED_PRIVATE_KEY,READ,SignatureSpec.mop,69,SignatureSpec,i1,"if (privateKey != null && !ExecutionContext.instance().validate(Property.GENERATED_PRIVATE_KEY, privateKey)) {"
GENERATED_PRIVATE_KEY,READ,SignatureSpec.mop,83,SignatureSpec,i2,"if (privateKey != null && !ExecutionContext.instance().validate(Property.GENERATED_PRIVATE_KEY, privateKey)) {"
GENERATED_PUBLIC_KEY,READ,SignatureSpec.mop,107,SignatureSpec,i4,"if (key != null && !ExecutionContext.instance().validate(Property.GENERATED_PUBLIC_KEY, key)) {"
SIGNED,WRITE,SignatureSpec.mop,122,SignatureSpec,s1,"ExecutionContext.instance().setProperty(Property.SIGNED, output);"
SIGNED,WRITE,SignatureSpec.mop,130,SignatureSpec,s2,"ExecutionContext.instance().setProperty(Property.SIGNED, output);"
VERIFIED,WRITE,SignatureSpec.mop,137,SignatureSpec,v1,"ExecutionContext.instance().setProperty(Property.VERIFIED, signed);"
VERIFIED,WRITE,SignatureSpec.mop,145,SignatureSpec,v2,"ExecutionContext.instance().setProperty(Property.VERIFIED, signed);"
GENERATED_KEY_STORE,READ,TrustManagerFactorySpec.mop,79,TrustManagerFactorySpec,i1,"if (keyStore != null && !ExecutionContext.instance().validate(Property.GENERATED_KEY_STORE, keyStore)) {"
GENERATED_TRUST_MANAGER,WRITE,TrustManagerFactorySpec.mop,83,TrustManagerFactorySpec,i1,"ExecutionContext.instance().setProperty(Property.GENERATED_TRUST_MANAGER, trustManagerFactory);"
GENERATED_TRUST_MANAGER,WRITE,TrustManagerFactorySpec.mop,94,TrustManagerFactorySpec,i2,"ExecutionContext.instance().setProperty(Property.GENERATED_TRUST_MANAGER, trustManagerFactory);"
GENERATED_TRUST_MANAGERS,WRITE,TrustManagerFactorySpec.mop,109,TrustManagerFactorySpec,gtm1,"ExecutionContext.instance().setProperty(Property.GENERATED_TRUST_MANAGERS, trustManager);"
GENERATED_TRUST_MANAGER,REMOVE,TrustManagerFactorySpec.mop,144,TrustManagerFactorySpec,@fail,"ExecutionContext.instance().remove(Property.GENERATED_TRUST_MANAGER, trustManagerFactory);"
GENERATED_TRUST_MANAGERS,REMOVE,TrustManagerFactorySpec.mop,145,TrustManagerFactorySpec,@fail,"ExecutionContext.instance().remove(Property.GENERATED_TRUST_MANAGERS, trustManagers);"
