className,name,parameters,signature
java.security.KeyPair,getPrivate,(),"public PrivateKey KeyPair.getPrivate()"
java.security.KeyPair,getPublic,(),"public PublicKey KeyPair.getPublic()"
java.security.KeyPair,new,(java.security.PublicKey,java.security.PrivateKey),"public KeyPair.new(PublicKey, PrivateKey)"
java.security.KeyPairGenerator,genKeyPair,(),"public KeyPair KeyPairGenerator.genKeyPair()"
java.security.KeyPairGenerator,generateKeyPair,(),"public KeyPair KeyPairGenerator.generateKeyPair()"
java.security.KeyPairGenerator,getInstance,(String),"public static KeyPairGenerator KeyPairGenerator.getInstance(String)"
java.security.KeyPairGenerator,getInstance,(String,String),"public static KeyPairGenerator KeyPairGenerator.getInstance(String, String)"
java.security.KeyPairGenerator,initialize,(int),"public void KeyPairGenerator.initialize(int)"
java.security.KeyPairGenerator,initialize,(int,java.security.SecureRandom),"public void KeyPairGenerator.initialize(int, SecureRandom)"
java.security.KeyPairGenerator,initialize,(java.security.spec.AlgorithmParameterSpec),"public void KeyPairGenerator.initialize(AlgorithmParameterSpec)"
java.security.KeyPairGenerator,initialize,(java.security.spec.AlgorithmParameterSpec,java.security.SecureRandom),"public void KeyPairGenerator.initialize(AlgorithmParameterSpec, SecureRandom)"
java.security.KeyStore,getEntry,(String,java.security.KeyStore.ProtectionParameter),"public Entry KeyStore.getEntry(String, ProtectionParameter)"
java.security.KeyStore,getInstance,(String),"public static KeyStore KeyStore.getInstance(String)"
java.security.KeyStore,getKey,(String,char[]),"public Key KeyStore.getKey(String, char[])"
java.security.KeyStore,load,(..),"public void KeyStore.load(..)"
java.security.KeyStore,setEntry,(String,java.security.KeyStore.Entry,java.security.KeyStore.ProtectionParameter),"public void KeyStore.setEntry(String, Entry, ProtectionParameter)"
java.security.KeyStore,store,(..),"public void KeyStore.store(..)"
java.security.MessageDigest,digest,(),"public byte[] MessageDigest.digest()"
java.security.MessageDigest,digest,(byte[]),"public byte[] MessageDigest.digest(byte[])"
java.security.MessageDigest,digest,(byte[],int,int),"public int MessageDigest.digest(byte[], int, int)"
java.security.MessageDigest,getInstance,(String),"public static MessageDigest MessageDigest.getInstance(String)"
java.security.MessageDigest,getInstance,(String,String),"public static MessageDigest MessageDigest.getInstance(String, String)"
java.security.MessageDigest,getInstance,(String,java.security.Provider),"public static MessageDigest MessageDigest.getInstance(String, Provider)"
java.security.MessageDigest,reset,(),"void MessageDigest.reset()"
java.security.MessageDigest,update,(..),"void MessageDigest.update(..)"
java.security.SecureRandom,generateSeed,(int),"public byte[] SecureRandom.generateSeed(int)"
java.security.SecureRandom,getInstance,(String),"public static SecureRandom SecureRandom.getInstance(String)"
java.security.SecureRandom,getInstance,(String,..),"public static SecureRandom SecureRandom.getInstance(String, ..)"
java.security.SecureRandom,getInstanceStrong,(),"public static SecureRandom SecureRandom.getInstanceStrong()"
java.security.SecureRandom,ints,(..),"public IntStream SecureRandom.ints(..)"
java.security.SecureRandom,new,(),"public SecureRandom.new()"
java.security.SecureRandom,new,(byte[]),"public SecureRandom.new(byte[])"
java.security.SecureRandom,nextBytes,(byte[]),"public void SecureRandom.nextBytes(byte[])"
java.security.SecureRandom,nextInt,(),"public int SecureRandom.nextInt()"
java.security.SecureRandom,nextInt,(int),"public int SecureRandom.nextInt(int)"
java.security.SecureRandom,setSeed,(byte[]),"public void SecureRandom.setSeed(byte[])"
java.security.SecureRandom,setSeed,(long),"public void SecureRandom.setSeed(long)"
java.security.Signature,getInstance,(String),"public static Signature Signature.getInstance(String)"
java.security.Signature,getInstance,(String,String),"public static Signature Signature.getInstance(String, String)"
java.security.Signature,initSign,(java.security.PrivateKey),"public void Signature.initSign(PrivateKey)"
java.security.Signature,initSign,(java.security.PrivateKey,java.security.SecureRandom),"public void Signature.initSign(PrivateKey, SecureRandom)"
java.security.Signature,initVerify,(java.security.PublicKey),"public void Signature.initVerify(PublicKey)"
java.security.Signature,initVerify,(java.security.cert.Certificate),"public void Signature.initVerify(Certificate)"
java.security.Signature,sign,(),"public byte Signature.sign()"
java.security.Signature,sign,(byte[],int,int),"public byte Signature.sign(byte[], int, int)"
java.security.Signature,update,(..),"public void Signature.update(..)"
java.security.Signature,verify,(byte[]),"public boolean Signature.verify(byte[])"
java.security.Signature,verify,(byte[],int,int),"public boolean Signature.verify(byte[], int, int)"
javax.crypto.Cipher,doFinal,(),"public byte[] Cipher.doFinal()"
javax.crypto.Cipher,doFinal,(..),"public byte[] Cipher.doFinal(..)"
javax.crypto.Cipher,doFinal,(byte[],int),"public int Cipher.doFinal(byte[], int)"
javax.crypto.Cipher,doFinal,(byte[],int,int,byte[]),"public int Cipher.doFinal(byte[], int, int, byte[])"
javax.crypto.Cipher,doFinal,(byte[],int,int,byte[],int),"public int Cipher.doFinal(byte[], int, int, byte[], int)"
javax.crypto.Cipher,doFinal,(java.nio.ByteBuffer,java.nio.ByteBuffer),"public int Cipher.doFinal(ByteBuffer, ByteBuffer)"
javax.crypto.Cipher,getInstance,(String),"public static Cipher Cipher.getInstance(String)"
javax.crypto.Cipher,getInstance,(String,Object+),"public static Cipher Cipher.getInstance(String, Object+)"
javax.crypto.Cipher,init,(int,java.security.Key,..),"public void Cipher.init(int, Key, ..)"
javax.crypto.Cipher,init,(int,java.security.cert.Certificate,..),"public void Cipher.init(int, Certificate, ..)"
javax.crypto.Cipher,update,(byte[]),"public byte[] Cipher.update(byte[])"
javax.crypto.Cipher,update,(byte[],int,int),"public byte[] Cipher.update(byte[], int, int)"
javax.crypto.Cipher,update,(byte[],int,int,byte[]),"public int Cipher.update(byte[], int, int, byte[])"
javax.crypto.Cipher,update,(byte[],int,int,byte[],int),"public int Cipher.update(byte[], int, int, byte[], int)"
javax.crypto.Cipher,update,(java.nio.ByteBuffer,java.nio.ByteBuffer),"public int Cipher.update(ByteBuffer, ByteBuffer)"
javax.crypto.Cipher,wrap,(java.security.Key),"byte[] Cipher.wrap(Key)"
javax.crypto.CipherInputStream,close,(),"public void CipherInputStream.close()"
javax.crypto.CipherInputStream,new,(java.io.InputStream,javax.crypto.Cipher),"public CipherInputStream.new(InputStream, Cipher)"
javax.crypto.CipherInputStream,read,(),"public int CipherInputStream.read()"
javax.crypto.CipherInputStream,read,(byte[]),"public int CipherInputStream.read(byte[])"
javax.crypto.CipherInputStream,read,(byte[],int,int),"public int CipherInputStream.read(byte[], int, int)"
javax.crypto.CipherOutputStream,close,(),"public void CipherOutputStream.close()"
javax.crypto.CipherOutputStream,flush,(),"public void CipherOutputStream.flush()"
javax.crypto.CipherOutputStream,new,(java.io.OutputStream,javax.crypto.Cipher),"public CipherOutputStream.new(OutputStream, Cipher)"
javax.crypto.CipherOutputStream,write,(byte[]),"public void CipherOutputStream.write(byte[])"
javax.crypto.CipherOutputStream,write,(byte[],int,int),"public void CipherOutputStream.write(byte[], int, int)"
javax.crypto.CipherOutputStream,write,(int),"public void CipherOutputStream.write(int)"
javax.crypto.KeyGenerator,generateKey,(),"public SecretKey KeyGenerator.generateKey()"
javax.crypto.KeyGenerator,getInstance,(String),"public static KeyGenerator KeyGenerator.getInstance(String)"
javax.crypto.KeyGenerator,getInstance,(String,Object+),"public static KeyGenerator KeyGenerator.getInstance(String, Object+)"
javax.crypto.KeyGenerator,init,(int),"public void KeyGenerator.init(int)"
javax.crypto.KeyGenerator,init,(int,java.security.SecureRandom),"public void KeyGenerator.init(int, SecureRandom)"
javax.crypto.KeyGenerator,init,(java.security.SecureRandom),"public void KeyGenerator.init(SecureRandom)"
javax.crypto.KeyGenerator,init,(java.security.spec.AlgorithmParameterSpec),"public void KeyGenerator.init(AlgorithmParameterSpec)"
javax.crypto.KeyGenerator,init,(java.security.spec.AlgorithmParameterSpec,java.security.SecureRandom),"public void KeyGenerator.init(AlgorithmParameterSpec, SecureRandom)"
javax.crypto.Mac,doFinal,(),"byte[] Mac.doFinal()"
javax.crypto.Mac,doFinal,(byte[]),"byte[] Mac.doFinal(byte[])"
javax.crypto.Mac,doFinal,(byte[],int),"void Mac.doFinal(byte[], int)"
javax.crypto.Mac,getInstance,(String),"public static Mac Mac.getInstance(String)"
javax.crypto.Mac,getInstance,(String,String),"public static Mac Mac.getInstance(String, String)"
javax.crypto.Mac,init,(java.security.Key),"public void Mac.init(java.security.Key)"
javax.crypto.Mac,init,(java.security.Key,java.security.spec.AlgorithmParameterSpec),"public void Mac.init(java.security.Key, java.security.spec.AlgorithmParameterSpec)"
javax.crypto.Mac,update,(..),"public void Mac.update(..)"
javax.crypto.SecretKey,getEncoded,(),"public byte[] SecretKey.getEncoded()"
javax.crypto.spec.DHGenParameterSpec,new,(int,int),"public DHGenParameterSpec.new(int, int)"
javax.crypto.spec.GCMParameterSpec,new,(int,byte[]),"public GCMParameterSpec.new(int, byte[])"
javax.crypto.spec.GCMParameterSpec,new,(int,byte[],int,int),"public GCMParameterSpec.new(int, byte[], int, int)"
javax.crypto.spec.IvParameterSpec,new,(byte[]),"public IvParameterSpec.new(byte[])"
javax.crypto.spec.IvParameterSpec,new,(byte[],int,int),"public IvParameterSpec.new(byte[], int, int)"
javax.crypto.spec.PBEKeySpec,clearPassword,(),"public void PBEKeySpec.clearPassword()"
javax.crypto.spec.PBEKeySpec,new,(char[]),"public PBEKeySpec.new(char[])"
javax.crypto.spec.PBEKeySpec,new,(char[],byte[],int),"public PBEKeySpec.new(char[], byte[], int)"
javax.crypto.spec.PBEKeySpec,new,(char[],byte[],int,int),"public PBEKeySpec.new(char[], byte[], int, int)"
javax.crypto.spec.PBEParameterSpec,new,(byte[],int),"public PBEParameterSpec.new(byte[], int)"
javax.crypto.spec.PBEParameterSpec,new,(byte[],int,java.security.spec.AlgorithmParameterSpec),"public PBEParameterSpec.new(byte[], int, AlgorithmParameterSpec)"
javax.crypto.spec.SecretKeySpec,new,(byte[],String),"public SecretKeySpec.new(byte[], String)"
javax.crypto.spec.SecretKeySpec,new,(byte[],int,int,String),"public SecretKeySpec.new(byte[], int, int, String)"
javax.net.ssl.KeyManagerFactory,getInstance,(String),"public static KeyManagerFactory KeyManagerFactory.getInstance(String)"
javax.net.ssl.KeyManagerFactory,getInstance,(String,..),"public static KeyManagerFactory KeyManagerFactory.getInstance(String, ..)"
javax.net.ssl.KeyManagerFactory,getKeyManagers,(),"public KeyManager[] KeyManagerFactory.getKeyManagers()"
javax.net.ssl.KeyManagerFactory,init,(java.security.KeyStore,char[]),"public void KeyManagerFactory.init(KeyStore, char[])"
javax.net.ssl.KeyManagerFactory,init,(javax.net.ssl.ManagerFactoryParameters),"public void KeyManagerFactory.init(ManagerFactoryParameters)"
javax.net.ssl.SSLContext,createSSLEngine,(..),"public void SSLContext.createSSLEngine(..)"
javax.net.ssl.SSLContext,getInstance,(String),"public static SSLContext SSLContext.getInstance(String)"
javax.net.ssl.SSLContext,getInstance,(String,String),"public static SSLContext SSLContext.getInstance(String, String)"
javax.net.ssl.SSLContext,init,(KeyManager[],TrustManager[],java.security.SecureRandom),"public void SSLContext.init(KeyManager[], TrustManager[], SecureRandom)"
javax.net.ssl.TrustManagerFactory,getInstance,(String),"public static TrustManagerFactory TrustManagerFactory.getInstance(String)"
javax.net.ssl.TrustManagerFactory,getInstance,(String,..),"public static TrustManagerFactory TrustManagerFactory.getInstance(String, ..)"
javax.net.ssl.TrustManagerFactory,getTrustManagers,(),"public KeyManager[] TrustManagerFactory.getTrustManagers()"
javax.net.ssl.TrustManagerFactory,init,(java.security.KeyStore),"public void TrustManagerFactory.init(KeyStore)"
javax.net.ssl.TrustManagerFactory,init,(javax.net.ssl.ManagerFactoryParameters),"public void TrustManagerFactory.init(ManagerFactoryParameters)"
javax.xml.crypto.dsig.spec.HMACParameterSpec,new,(int),"public HMACParameterSpec.new(int)"
