model,strategy,prompt_id,temperature,top_p,max_tokens,top_k,run_number_mean,run_number_median,run_number_min,run_number_max,run_number_std_dev,total_duration_ms_mean,total_duration_ms_median,total_duration_ms_min,total_duration_ms_max,total_duration_ms_std_dev,load_duration_ms_mean,load_duration_ms_median,load_duration_ms_min,load_duration_ms_max,load_duration_ms_std_dev,input_tokens_mean,input_tokens_median,input_tokens_min,input_tokens_max,input_tokens_std_dev,input_tokens_duration_ms_mean,input_tokens_duration_ms_median,input_tokens_duration_ms_min,input_tokens_duration_ms_max,input_tokens_duration_ms_std_dev,output_tokens_mean,output_tokens_median,output_tokens_min,output_tokens_max,output_tokens_std_dev,output_tokens_duration_ms_mean,output_tokens_duration_ms_median,output_tokens_duration_ms_min,output_tokens_duration_ms_max,output_tokens_duration_ms_std_dev,tokens_per_second_mean,tokens_per_second_median,tokens_per_second_min,tokens_per_second_max,tokens_per_second_std_dev,input_output_ratio_mean,input_output_ratio_median,input_output_ratio_min,input_output_ratio_max,input_output_ratio_std_dev,generation_latency_ms_mean,generation_latency_ms_median,generation_latency_ms_min,generation_latency_ms_max,generation_latency_ms_std_dev,response_length_chars_mean,response_length_chars_median,response_length_chars_min,response_length_chars_max,response_length_chars_std_dev,actions_count_mean,actions_count_median,actions_count_min,actions_count_max,actions_count_std_dev,explanation_quality_score_mean,explanation_quality_score_median,explanation_quality_score_min,explanation_quality_score_max,explanation_quality_score_std_dev,parsing_success_rate,error_rate,timeout_rate,overall_success_rate,overall_score,total_runs
llama3.2:1b,standard_modular,001,0.2,1.0,800,40,5.5,5.5,1.0,10.0,3.0276503540974917,460.21952880000003,460.277474,452.628733,469.336401,4.673291967445931,34.922451699999996,35.566492499999995,29.461022,37.453281,2.2849410979275224,298.0,298.0,298.0,298.0,0.0,4.6252139,4.0743425,3.616995,6.260401,1.0401309673562427,51.0,51.0,51.0,51.0,0.0,418.7065514,418.98041450000005,411.390619,428.16128,4.6644335796378416,121.81722333365079,121.72409069344984,119.11399368013848,123.96976898493642,1.3506563235712883,0.17114093959731544,0.17114093959731544,0.17114093959731544,0.17114093959731544,0.0,423.33176530000003,422.733923,415.31192100000004,432.00940299999996,4.5517097022760185,181.0,181.0,181.0,181.0,0.0,1.0,1.0,1.0,1.0,0.0,1.0,1.0,1.0,1.0,0.0,1.0,0.0,0.0,1.0,99.52123041209128,10
llama3.2:1b,batch_action_modular,001,0.2,1.0,800,0,5.5,5.5,1.0,10.0,3.0276503540974917,454.1874841,456.794257,424.032697,462.040826,10.90340682971089,36.0328879,35.7441585,34.867487,37.25365,0.8019773320345236,298.0,298.0,298.0,298.0,0.0,3.9496253,4.015475,3.179951,4.573694,0.4015116118597734,50.6,51.0,47.0,51.0,1.2649110640673518,412.0768216,414.1663,381.554206,420.863535,11.072468557534322,122.80062832984603,123.12611493533629,121.17942220867388,123.5981363058714,0.8197820777596683,0.1697986577181208,0.17114093959731544,0.15771812080536912,0.17114093959731544,0.0042446680002260154,416.0264469,418.265254,385.715598,424.04348600000003,10.913258677234461,179.7,181.0,168.0,181.0,4.110960958218893,1.0,1.0,1.0,1.0,0.0,0.9825,1.0,0.825,1.0,0.05533985905294665,1.0,0.0,0.0,1.0,99.00646719335353,10
llama3.2:1b,standard_modular,001,0.2,0.9,800,0,5.5,5.5,1.0,10.0,3.0276503540974917,454.4135221,459.0118835,415.498596,465.437502,15.388266545707308,33.7953211,35.593781,19.844759,37.97705,5.494926234867407,298.0,298.0,298.0,298.0,0.0,4.6764278,4.2200555,3.135542,8.584385,1.5149253578319954,50.6,51.0,47.0,51.0,1.2649110640673518,414.0139446,417.665114,378.367524,422.566337,12.710503796652855,122.23999056622309,122.10771647084138,120.69110938195725,124.21784909848658,0.937933098070626,0.1697986577181208,0.17114093959731544,0.15771812080536912,0.17114093959731544,0.0042446680002260154,418.6903724,421.6081575,382.24757900000003,427.920897,13.144422122894511,179.7,181.0,168.0,181.0,4.110960958218893,1.0,1.0,1.0,1.0,0.0,0.9825,1.0,0.825,1.0,0.05533985905294665,1.0,0.0,0.0,1.0,98.99881743310155,10
llama3.2:1b,standard_modular,001,0.2,0.9,800,40,5.5,5.5,1.0,10.0,3.0276503540974917,452.3830995,456.69903650000003,424.79714,464.045453,11.77812690475066,32.8881416,35.5302615,19.890706,37.338663,6.090309161412474,298.0,298.0,298.0,298.0,0.0,4.6845861,4.3124655,3.87737,5.983898,0.758187892051165,50.6,51.0,47.0,51.0,1.2649110640673518,412.8912834,415.381236,383.812496,422.796866,10.850038810875398,122.55820256669577,122.59731114386722,120.62530283750966,124.86992379612128,1.0794830511684703,0.1697986577181208,0.17114093959731544,0.15771812080536912,0.17114093959731544,0.0042446680002260154,417.5758695,420.5579305,388.05039,426.74453900000003,10.994058793890016,179.7,181.0,168.0,181.0,4.110960958218893,1.0,1.0,1.0,1.0,0.0,0.9825,1.0,0.825,1.0,0.05533985905294665,1.0,0.0,0.0,1.0,98.99425674058992,10
llama3.2:1b,batch_action_modular,001,0.2,0.9,500,0,5.5,5.5,1.0,10.0,3.0276503540974917,453.4917099,455.6698015,433.46014,461.088329,7.930580188933409,35.642823,35.866657000000004,32.415549,37.370849,1.3836012923525172,298.0,298.0,298.0,298.0,0.0,4.0952293,3.9823545,3.045227,5.609451,0.7289779742892785,50.6,51.0,47.0,51.0,1.2649110640673518,411.9368443,413.56935550000003,390.370903,417.638292,7.982118352254493,122.82433408519341,123.11518489916321,120.39831769941112,124.20213552713464,1.1319462197882655,0.1697986577181208,0.17114093959731544,0.15771812080536912,0.17114093959731544,0.0042446680002260154,416.0320736,417.40431950000004,395.337244,423.12994399999997,7.8475512533847125,179.7,181.0,168.0,181.0,4.110960958218893,1.0,1.0,1.0,1.0,0.0,0.9825,1.0,0.825,1.0,0.05533985905294665,1.0,0.0,0.0,1.0,98.99376026070018,10
llama3.2:1b,batch_action_modular,001,0.2,0.9,800,40,5.5,5.5,1.0,10.0,3.0276503540974917,454.4448642,456.734386,427.059606,467.595954,10.566986142533878,35.4366233,35.363965,34.815584,36.386824,0.521195686002877,298.0,298.0,298.0,298.0,0.0,4.2094167,4.139376,3.080733,6.736126,1.0679502945668138,50.6,51.0,47.0,51.0,1.2649110640673518,412.7281527,415.45222349999995,383.236956,424.644319,11.07599037488526,122.60887581783139,122.65093385744706,120.10051169435285,124.58570124337116,1.1460427600028857,0.1697986577181208,0.17114093959731544,0.15771812080536912,0.17114093959731544,0.0042446680002260154,416.9375694,419.23398199999997,389.97308200000003,429.42195,10.441162463885126,179.7,181.0,168.0,181.0,4.110960958218893,1.0,1.0,1.0,1.0,0.0,0.9825,1.0,0.825,1.0,0.05533985905294665,1.0,0.0,0.0,1.0,98.99219893152303,10
llama3.2:1b,batch_action_modular,001,0.2,1.0,500,0,5.5,5.5,1.0,10.0,3.0276503540974917,454.2374423,459.354385,427.30051,468.225925,13.729347340455211,36.609967499999996,36.416128,35.149917,38.402534,1.0700690602299407,298.0,298.0,298.0,298.0,0.0,4.4648331,4.314553,3.487564,7.031416,1.0376079605380242,50.3,51.0,47.0,51.0,1.4944341180973262,410.98555269999997,415.818385,383.569728,424.327386,13.095889645698765,122.39869679525572,122.53854709888572,120.19021558038209,123.17148875840024,0.8302507413733147,0.16879194630872482,0.17114093959731544,0.15771812080536912,0.17114093959731544,0.00501487959093063,415.4503858,419.805415,387.912314,429.36285699999996,13.421183595170486,178.9,181.0,168.0,181.0,4.581363212940979,1.0,1.0,1.0,1.0,0.0,0.965,1.0,0.825,1.0,0.0737864787372622,1.0,0.0,0.0,1.0,98.64332042030053,10
llama3.2:1b,standard_modular,001,0.2,1.0,500,40,5.5,5.5,1.0,10.0,3.0276503540974917,450.8171908,454.3759835,424.358633,467.00699,13.501139131604104,35.7555653,35.8130335,31.094175,39.12158,2.0670130096798593,298.0,298.0,298.0,298.0,0.0,4.4774872,3.990018,3.02965,7.78211,1.4662036784981516,50.2,51.0,47.0,51.0,1.6865480854231356,408.7299098,414.3635835,382.896417,422.981443,13.402887984476957,122.82030445282814,122.84339821903963,120.57266540650579,124.74554629720474,1.0739653604664465,0.16845637583892617,0.17114093959731544,0.15771812080536912,0.17114093959731544,0.005659557333634687,413.207397,418.220108,386.821517,426.182118,13.634517533461755,178.4,181.0,168.0,181.0,5.4812812776251905,1.0,1.0,1.0,1.0,0.0,0.965,1.0,0.825,1.0,0.0737864787372622,1.0,0.0,0.0,1.0,98.63575823945769,10
llama3.2:1b,batch_action_modular,001,0.2,0.9,500,40,5.5,5.5,1.0,10.0,3.0276503540974917,455.8874165,458.8704355,427.411432,469.954296,13.558015260226629,35.074497199999996,35.652578500000004,30.796006,36.147627,1.6416261598852935,298.0,298.0,298.0,298.0,0.0,4.7273671,4.6060925,3.602734,7.365041,1.0151853811676683,50.2,51.0,47.0,51.0,1.6865480854231356,414.0534068,415.91607750000003,389.900719,427.132138,12.548698996231968,121.23741756639667,121.1521174491661,119.16022515856962,123.29638334936303,1.6046814626372388,0.16845637583892617,0.17114093959731544,0.15771812080536912,0.17114093959731544,0.005659557333634687,418.7807739,421.8524335,394.646791,431.836652,12.549535884503943,178.4,181.0,168.0,181.0,5.4812812776251905,1.0,1.0,1.0,1.0,0.0,0.965,1.0,0.825,1.0,0.0737864787372622,1.0,0.0,0.0,1.0,98.60772656571694,10
llama3.2:1b,standard_modular,001,0.2,1.0,800,0,5.5,5.5,1.0,10.0,3.0276503540974917,453.1904375,455.8342365,422.809889,474.278188,16.1824814204415,35.9037335,36.2039965,33.987413,37.123615,0.9681844354359872,298.0,298.0,298.0,298.0,0.0,3.9015266,3.9431135,3.436262,4.539195,0.37764665551785603,50.2,51.0,47.0,51.0,1.6865480854231356,411.4552046,414.655153,380.601664,432.676675,16.454839183024493,122.04867899097323,122.33488911212778,117.8709252122269,124.72948315071233,2.1372909242553355,0.16845637583892617,0.17114093959731544,0.15771812080536912,0.17114093959731544,0.005659557333634687,415.3567312,418.59826649999997,384.15469700000006,437.008306,16.584202346823297,178.4,181.0,168.0,181.0,5.4812812776251905,1.0,1.0,1.0,1.0,0.0,0.965,1.0,0.825,1.0,0.0737864787372622,1.0,0.0,0.0,1.0,98.5897709538624,10
llama3.2:1b,standard_modular,001,0.2,0.9,500,0,5.5,5.5,1.0,10.0,3.0276503540974917,452.1503346,455.860661,426.611079,471.221657,16.000738056341714,35.66865,35.6395175,33.227749,37.281345,1.1257022110074713,298.0,298.0,298.0,298.0,0.0,5.3922806,4.303585,3.041965,13.070873,2.9035066662185574,49.9,51.0,47.0,51.0,1.7919573407620817,409.1206271,412.4376065,385.449598,425.689488,14.530349120925157,121.97913693685015,122.14934381141558,119.58744032755295,124.77057291028733,1.8457134857010482,0.1674496644295302,0.17114093959731544,0.15771812080536912,0.17114093959731544,0.006013279666986855,414.51290769999997,417.562661,389.56645399999996,431.904226,15.764816496900648,177.6,181.0,168.0,181.0,5.641118880348315,1.0,1.0,1.0,1.0,0.0,0.9475,1.0,0.825,1.0,0.08453303101943842,1.0,0.0,0.0,1.0,98.27624556258084,10
llama3.2:1b,batch_action_modular,001,0.2,1.0,800,40,5.5,5.5,1.0,10.0,3.0276503540974917,473.4497087,457.988111,450.218036,602.773748,45.764946538610054,36.1595806,35.7928085,34.991288,38.496447,1.0727395252878094,298.0,298.0,298.0,298.0,0.0,4.5646607,4.336349,3.368078,6.69181,0.9487484974038226,52.9,51.0,51.0,70.0,6.008327554319921,430.3705793,414.9396035,407.701667,561.878793,46.47397611630232,122.87453042184505,123.17044386052439,120.14817973952836,125.09146792377477,1.5785782049435264,0.17751677852348993,0.17114093959731544,0.17114093959731544,0.2348993288590604,0.020162173001073556,434.93524,419.1474735,412.33269,565.2468709999999,46.094821400720924,190.2,181.0,181.0,273.0,29.09295447354909,1.0,1.0,1.0,1.0,0.0,0.9475,1.0,0.475,1.0,0.16601957715883991,1.0,0.0,0.0,1.0,97.83723663373466,10
llama3.2:1b,standard_modular,001,0.2,1.0,500,0,5.5,5.5,1.0,10.0,3.0276503540974917,464.0493559,459.138443,447.828352,506.106966,16.546754814372527,34.4866002,35.518696500000004,23.866039,39.291457,4.257349753678085,298.0,298.0,298.0,298.0,0.0,4.4876238,4.1592345,3.380716,5.966194,0.8631331624848315,51.7,51.0,51.0,58.0,2.2135943621178655,423.1435097,416.4624165,410.806817,466.044987,16.397862009916807,122.18050034055398,122.58147901736115,117.67604866422386,124.45150493593874,2.009269572754333,0.17348993288590603,0.17114093959731544,0.17114093959731544,0.19463087248322147,0.00742816900039552,427.63113350000003,420.6802585,416.46472600000004,469.425703,15.928140806895849,184.7,181.0,181.0,218.0,11.700427342623003,1.0,1.0,1.0,1.0,0.0,0.93,1.0,0.3,1.0,0.22135943621178655,1.0,0.0,0.0,1.0,97.25003891057206,10
llama3.2:1b,standard_modular,001,0.2,0.9,500,40,5.5,5.5,1.0,10.0,3.0276503540974917,453.8769895,458.817896,423.124248,494.457165,20.18616708313721,36.2642356,36.049239,34.91925,37.776623,0.9047460675497364,298.0,298.0,298.0,298.0,0.0,4.9032151,4.2973479999999995,3.535492,9.140232,1.646981367253197,50.2,51.0,47.0,55.0,2.5298221281347035,410.6127214,415.93316300000004,377.603076,447.346371,19.560997231258977,122.24992415369921,122.40979860802292,118.73912139643977,124.46932503272299,1.4570213822923823,0.16845637583892617,0.17114093959731544,0.15771812080536912,0.18456375838926176,0.008489336000452031,415.5159365,419.967531,383.717543,456.486603,20.28976945650303,179.2,181.0,168.0,202.0,10.086294331087773,1.0,1.0,1.0,1.0,0.0,0.895,1.0,0.475,1.0,0.1690660620388768,1.0,0.0,0.0,1.0,97.00538901006963,10
llama3.2:1b,batch_action_modular,001,0.2,0.9,800,0,5.5,5.5,1.0,10.0,3.0276503540974917,460.217895,453.619573,425.940985,506.101015,24.06605310771653,33.3238618,35.384842,21.566597,37.222142,4.7160628659479364,298.0,298.0,298.0,298.0,0.0,3.8957184,3.968673,2.855687,4.981699,0.6844228251337359,51.8,51.0,47.0,58.0,3.0477678535099897,420.9727338,413.988161,382.786972,465.252604,23.467323315374056,123.04044682614769,123.36711391641981,118.84684361763892,124.66346131401771,1.6101210063472817,0.1738255033557047,0.17114093959731544,0.15771812080536912,0.19463087248322147,0.010227408904395939,424.8684522,417.956834,387.000263,468.108291,23.161127977294484,185.6,181.0,168.0,216.0,13.977760113043068,1.0,1.0,1.0,1.0,0.0,0.895,1.0,0.475,1.0,0.1881193474602995,1.0,0.0,0.0,1.0,96.88375491509586,10
llama3.2:1b,batch_action_modular,001,0.2,1.0,500,40,5.5,5.5,1.0,10.0,3.0276503540974917,459.2083745,451.629795,412.972439,609.868291,56.502532775506495,36.31989,36.155061,34.620511,39.116837,1.3201548178455758,298.0,298.0,298.0,298.0,0.0,4.4801681,4.16249,3.091123,6.647017,1.0283124117356823,51.1,51.0,46.0,70.0,7.01506315802724,416.3814342,410.28918450000003,371.54592,568.265848,56.69011224504644,122.72040094089354,123.13787311333172,120.36814526424277,124.37862663534878,1.372912067360453,0.1714765100671141,0.17114093959731544,0.15436241610738255,0.2348993288590604,0.023540480396064562,420.8616023,414.282999,374.637043,572.47423,56.730578447730494,185.2,181.0,164.0,283.0,35.187750393819975,1.0,1.0,1.0,1.0,0.0,0.8775,0.9125,0.475,1.0,0.16601957715883991,1.0,0.0,0.0,1.0,96.73972131445225,10
qwen3:0.6b,standard_modular,001,0.7,0.9,800,40,5.5,5.5,1.0,10.0,3.0276503540974917,1529.4439849,1412.494272,1131.12222,2308.984304,379.5210593897535,32.8745356,32.7045365,32.079773,34.990062,0.8920321069233124,286.0,286.0,286.0,286.0,0.0,14.4795422,15.3158865,9.300399,18.194378,2.9537927995515187,295.8,274.0,216.0,444.0,73.91857381981579,1474.4944768999999,1359.897399,1077.386056,2250.199601,378.7128976166307,200.84059861532864,200.8328102730885,197.31582913919468,203.45853562392762,1.9362161138890255,1.0342657342657342,0.958041958041958,0.7552447552447552,1.5524475524475525,0.2584565518175377,1488.9740191,1373.5945849999998,1088.198589,2268.393979,379.3620678060387,1397.3,1298.5,970.0,2154.0,350.6476705881402,1.1,1.0,1.0,2.0,0.31622776601683794,0.895,0.825,0.825,1.0,0.09036961141150641,1.0,0.0,0.0,1.0,96.38296500980587,10
qwen3:0.6b,batch_action_modular,001,0.2,1.0,500,40,5.5,5.5,1.0,10.0,3.0276503540974917,1494.2503144,1358.1814570000001,1229.158865,2104.576609,306.34990337193284,29.695778,32.337108,18.694315,34.811007,5.248318110221576,286.0,286.0,286.0,286.0,0.0,13.7723661,14.561689999999999,8.676729,22.029945,3.7967149634981805,290.0,261.0,236.0,416.0,62.78711828251255,1443.4663786,1307.036258,1176.710815,2047.696106,305.84339024818684,200.7698926740625,200.65616672291486,199.29884624293797,203.15514532701854,1.3625585243261442,1.013986013986014,0.9125874125874126,0.8251748251748252,1.4545454545454546,0.21953537861018377,1457.2387447,1317.6137724999999,1198.74076,2062.277567,305.89346117640855,1419.5,1288.5,1136.0,1994.0,296.0605230917039,1.0,1.0,1.0,1.0,0.0,0.8775,0.825,0.825,1.0,0.08453303101943842,1.0,0.0,0.0,1.0,96.18965822491494,10
qwen3:0.6b,batch_action_modular,001,0.2,0.9,500,40,5.5,5.5,1.0,10.0,3.0276503540974917,1466.9677962,1330.617262,1159.974989,2128.109505,330.4755715873569,32.6075452,32.4028005,31.600025,34.225319,0.8066150801230755,286.0,286.0,286.0,286.0,0.0,14.9712846,15.2718115,8.615197,18.778568,2.5583830898964375,281.7,256.0,221.0,418.0,66.22361109654672,1411.9834322,1280.2210225,1105.181676,2074.650865,330.0608037712984,199.49786402709358,201.38833818023397,192.49839157968918,201.7562472913254,3.1680036051571654,0.984965034965035,0.8951048951048951,0.7727272727272727,1.4615384615384615,0.23155108775016334,1426.9547168000001,1291.759191,1119.827045,2090.214963,330.6312431355704,1381.5,1260.5,1082.0,2060.0,331.90736659495826,1.0,1.0,1.0,1.0,0.0,0.8775,0.825,0.825,1.0,0.08453303101943842,1.0,0.0,0.0,1.0,96.17447615408565,10
qwen3:0.6b,standard_modular,001,0.2,0.9,500,0,5.5,5.5,1.0,10.0,3.0276503540974917,1413.5151167,1274.9430674999999,1140.023298,2332.874539,364.3287970074402,31.7894576,33.388706,18.117316,34.858947,4.8516928407596085,286.0,286.0,286.0,286.0,0.0,18.6468092,14.795656000000001,9.502061,44.26644,10.573217957636244,267.7,241.0,220.0,454.0,72.98257021752218,1355.0464412,1213.408523,1088.168761,2276.732789,366.69371479974836,197.57563292072737,197.6768437629763,191.96294833086193,202.17452281742172,3.289390187034984,0.936013986013986,0.8426573426573427,0.7692307692307693,1.5874125874125875,0.2551838119493783,1373.6932504,1234.2259534999998,1097.6708219999998,2290.278104,365.43321265773943,1293.2,1201.5,1025.0,2058.0,320.7289613780874,1.0,1.0,1.0,1.0,0.0,0.8424999999999999,0.825,0.825,1.0,0.05533985905294665,1.0,0.0,0.0,1.0,95.85213646378668,10
llama3.2:1b,batch_action_modular,001,0.7,0.9,500,40,5.5,5.5,1.0,10.0,3.0276503540974917,515.0659044,463.1600935,392.77172,1134.845609,219.514696328889,35.8619725,35.5279305,34.861767,37.297967,0.8497022370334276,298.0,298.0,298.0,298.0,0.0,4.3161886,4.2751565,3.046046,5.782425,0.865483064096988,57.9,51.5,43.0,135.0,27.327031793933763,473.0377242,421.31616199999996,351.408024,1095.129808,220.3430357119674,122.22446878501266,122.4741719582492,120.04146068359111,123.53917372120817,1.1793913271427672,0.19429530201342282,0.17281879194630873,0.14429530201342283,0.45302013422818793,0.09170144897293209,477.3539128,425.739519,355.884402,1098.1758539999998,219.889024797364,213.0,181.5,158.0,516.0,107.0410097942736,1.2,1.0,1.0,3.0,0.6324555320336759,0.825,0.825,0.47500000000000003,1.0,0.1649915822768611,1.0,0.0,0.0,1.0,95.84945016350987,10
qwen3:0.6b,batch_action_modular,001,0.2,0.9,800,40,5.5,5.5,1.0,10.0,3.0276503540974917,1587.9656445,1437.02146,966.275211,2793.376286,520.9426618381906,32.4023796,32.171568,31.914579,33.480762,0.5624062403182702,286.0,286.0,286.0,286.0,0.0,14.6360749,15.438016000000001,10.430924,17.972351,2.3245015560626445,301.3,271.0,182.0,534.0,103.36241526245838,1533.5030477,1381.49408,910.466713,2742.929067,522.0474931481466,196.3194205001446,196.16870769728112,189.71134116241376,202.4394005320411,3.591795585873249,1.0534965034965036,0.9475524475524475,0.6363636363636364,1.867132867132867,0.3614070463722321,1548.1391226,1396.932096,925.4995170000001,2753.359991,520.9330804052092,1467.7,1333.0,843.0,2566.0,500.35566239315096,1.1,1.0,1.0,2.0,0.31622776601683794,0.86,0.825,0.825,1.0,0.0737864787372622,1.0,0.0,0.0,1.0,95.83139136548655,10
llama3.2:1b,standard_modular,001,0.7,1.0,800,40,5.5,5.5,1.0,10.0,3.0276503540974917,563.9622626,450.982273,383.286732,888.990827,194.49943126475486,36.0740013,35.705273500000004,34.908219,39.100182,1.1788312640341925,298.0,298.0,298.0,298.0,0.0,4.6151138,4.6664075,2.871176,7.973436,1.3659370379752585,63.9,49.5,41.0,105.0,24.05756984125094,521.1995667,407.71217149999995,338.404722,849.390046,194.88468196925444,122.51267939700197,122.23531380805386,120.9845501897639,124.94377031889758,1.2133230800377877,0.21442953020134228,0.16610738255033558,0.13758389261744966,0.3523489932885906,0.08073010013842596,525.8146805,412.6031245,342.347451,852.261222,195.13869646133642,237.8,178.0,149.0,414.0,94.28302545468559,1.3,1.0,1.0,2.0,0.48304589153964794,0.7899999999999999,0.825,0.6499999999999999,0.825,0.0737864787372622,1.0,0.0,0.0,1.0,95.80766402389739,10
qwen3:0.6b,batch_action_modular,001,0.2,0.9,800,0,5.5,5.5,1.0,10.0,3.0276503540974917,1518.1481547,1318.8601965,1263.176823,2684.320298,450.71262438869076,32.370898,32.6071425,27.706596,33.855892,1.7529414191558135,286.0,286.0,286.0,286.0,0.0,14.9141943,15.3030455,11.052792,17.236826,1.8034330392829518,290.0,250.0,239.0,517.0,88.16776936928571,1462.9465357,1261.9605215000001,1206.735398,2629.225016,450.64175906540856,198.38845305048008,198.6005908609032,194.29748037604153,202.02924411451679,2.745757899988437,1.013986013986014,0.8741258741258742,0.8356643356643356,1.8076923076923077,0.3082789138786214,1477.86073,1277.263567,1221.877393,2644.187845,450.6867508440334,1412.6,1262.5,1103.0,2489.0,411.9161727018415,1.0,1.0,1.0,1.0,0.0,0.8424999999999999,0.825,0.825,1.0,0.05533985905294665,1.0,0.0,0.0,1.0,95.76201125150152,10
qwen3:0.6b,batch_action_modular,001,0.7,1.0,800,40,5.5,5.5,1.0,10.0,3.0276503540974917,1804.1895167999999,1627.2130215,1288.635513,2562.633896,461.60986242794564,32.1494084,33.1036165,27.05109,35.229886,2.6241765818092015,286.0,286.0,286.0,286.0,0.0,16.3367959,16.3599505,9.907372,22.395592,3.8813747926787903,347.1,312.0,244.0,501.0,91.68357419831416,1747.5621855,1571.2533805,1233.906526,2502.763578,461.9681688926964,198.64216170965688,198.53099989241792,196.21769472115363,201.83064589198617,1.7063321046017594,1.2136363636363636,1.0909090909090908,0.8531468531468531,1.7517482517482517,0.3205719377563432,1763.8989814000001,1588.2046010000001,1248.513408,2521.798871,461.53771718498456,1687.2,1517.5,1201.0,2393.0,438.5075192564484,1.0,1.0,1.0,1.0,0.0,0.825,0.825,0.825,0.825,0.0,1.0,0.0,0.0,1.0,95.56815112090668,10
qwen3:0.6b,standard_modular,001,0.2,1.0,800,0,5.5,5.5,1.0,10.0,3.0276503540974917,1801.2351151,1516.385317,1233.691647,3023.893293,672.5025659554703,31.410116000000002,32.376760000000004,19.59697,33.779407,4.215593305010551,286.0,286.0,286.0,286.0,0.0,11.5059031,10.8695725,8.621939,15.090493,2.4761621150821935,349.0,293.5,238.0,589.0,132.0050504084345,1750.8276624,1464.208912,1197.174422,2973.415198,670.617058451818,199.60896935876465,198.80311949525256,197.91000752976046,202.38862869251207,1.6761959757361855,1.2202797202797202,1.0262237762237763,0.8321678321678322,2.0594405594405596,0.46155612030921156,1762.3335655,1475.8574305000002,1208.500967,2982.7794980000003,670.6128898502443,1689.2,1428.5,1125.0,2738.0,602.3239807427376,1.4,1.0,1.0,3.0,0.699205898780101,0.85125,0.825,0.7374999999999999,1.0,0.08300978857941999,1.0,0.0,0.0,1.0,95.47685359342096,10
llama3.2:1b,standard_modular,001,0.7,0.9,800,40,5.5,5.5,1.0,10.0,3.0276503540974917,458.03844949999996,428.744577,379.911602,674.894464,89.05452339613323,35.7863117,35.985031500000005,30.25571,37.91126,2.1092147717496954,298.0,298.0,298.0,298.0,0.0,4.2656057,4.1358475,3.33623,5.494596,0.5569361440053667,51.2,47.5,41.0,80.0,11.631375193367674,416.0571978,387.0263385,335.675568,639.375638,90.95337316006551,122.90431936064252,122.73138579561389,122.14174610408347,125.1220647853336,0.833568801686218,0.17181208053691274,0.1593959731543624,0.13758389261744966,0.2684563758389262,0.039031460380428436,420.3228035,391.2599565,341.170164,642.711868,90.64688035884255,185.9,171.5,139.0,300.0,47.43287654968627,1.1,1.0,1.0,2.0,0.31622776601683794,0.78125,0.78125,0.6499999999999999,1.0,0.13834964763236662,1.0,0.0,0.0,1.0,95.37907816171519,10
llama3.2:1b,batch_action_modular,001,0.7,1.0,800,40,5.5,5.5,1.0,10.0,3.0276503540974917,473.2739545,452.25791649999996,377.605638,742.790259,101.1848613857129,35.3795835,35.9747545,27.837836,37.761499,2.747586340981531,298.0,298.0,298.0,298.0,0.0,3.9108101,3.9615255,3.292592,4.46772,0.38463243965388566,53.4,50.5,42.0,87.0,12.53616989177937,432.0508537,410.7375155,343.919365,700.506679,100.1263215207141,123.53827402890036,123.36268252942874,122.12164906736204,125.07380755211649,0.9356264577729195,0.17919463087248322,0.16946308724832215,0.14093959731543623,0.29194630872483224,0.04206768420060192,435.9616638,414.6635235,347.87268,704.674089,100.2482506810466,195.0,181.0,139.0,334.0,54.10689009318088,1.1,1.0,1.0,2.0,0.31622776601683794,0.78125,0.78125,0.6499999999999999,1.0,0.13834964763236662,1.0,0.0,0.0,1.0,95.35948271335603,10
qwen3:0.6b,standard_modular,001,0.7,0.9,800,0,5.5,5.5,1.0,10.0,3.0276503540974917,1811.0387078,1835.774085,1191.602898,2410.797183,414.77364410866073,30.2812018,32.373221,19.138815,34.564059,4.634664184447283,286.0,286.0,286.0,286.0,0.0,15.1450107,14.836382,12.131113,19.165806,2.0911408978944195,352.5,360.0,227.0,470.0,80.95712170992466,1757.8007446000001,1784.9387965,1135.00083,2350.684376,413.2400928732922,200.739405164449,201.1601175518057,196.11309995791623,203.37530951848225,2.197218347464182,1.2325174825174825,1.2587412587412588,0.7937062937062938,1.6433566433566433,0.2830668591256107,1772.9457553,1798.3044009999999,1150.761097,2368.342506,412.8358050286408,1707.3,1798.5,1066.0,2252.0,382.60511990533763,1.3,1.0,1.0,2.0,0.48304589153964794,0.825,0.825,0.7374999999999999,0.9125,0.041247895569215286,1.0,0.0,0.0,1.0,95.2973388714395,10
qwen3:0.6b,batch_action_modular,001,0.7,0.9,800,40,5.5,5.5,1.0,10.0,3.0276503540974917,2029.6964902,1752.1473145,1183.247616,3126.513881,659.8511044707799,28.6159283,32.1218095,18.620662,33.195674,6.257504509507694,286.0,286.0,286.0,286.0,0.0,13.5254071,14.8726105,8.901885,16.494783,2.5649116059759014,395.7,341.0,224.0,610.0,131.5371092548073,1979.869531,1699.1828030000001,1127.667829,3082.978246,664.3764547511465,200.02438008800556,200.10728533708217,197.86062415180595,201.8866116346473,1.5777613552054113,1.3835664335664335,1.1923076923076923,0.7832167832167832,2.132867132867133,0.45991996242939615,1993.3949381,1712.2777655,1142.671801,3099.473029,664.3297610391995,1907.6,1681.0,1091.0,2895.0,620.649516411817,1.2,1.0,1.0,2.0,0.4216370213557839,0.85125,0.825,0.7374999999999999,1.0,0.08300978857941999,1.0,0.0,0.0,1.0,95.24833998499214,10
llama3.2:1b,standard_modular,001,0.7,1.0,500,40,5.5,5.5,1.0,10.0,3.0276503540974917,527.6867895,427.1131385,372.603259,1128.572513,236.79625068463227,31.7479264,35.259812499999995,20.078893,37.446284,6.676070256838743,298.0,298.0,298.0,298.0,0.0,4.4544849,4.1158935,3.011633,6.075165,0.9239810058813078,59.9,47.0,42.0,135.0,29.666479400158018,489.5435641,385.47338149999996,344.709351,1092.636565,236.67625672001176,121.923603555327,121.74999738216195,118.90823217545783,125.61771031190464,1.8928961521726297,0.20100671140939597,0.15771812080536912,0.14093959731543623,0.45302013422818793,0.09955194429583228,493.998049,389.589275,350.78451600000005,1097.412255,236.64586387745553,220.5,168.5,139.0,520.0,119.21991817179246,1.3,1.0,1.0,3.0,0.6749485577105528,0.7549999999999999,0.825,0.6499999999999999,0.825,0.0903696114115064,1.0,0.0,0.0,1.0,95.15490138245657,10
qwen3:0.6b,standard_modular,001,0.2,0.9,500,40,5.5,5.5,1.0,10.0,3.0276503540974917,1805.9846713,1782.07313,1259.415388,2503.342874,491.68564017477365,30.1426909,32.159025,20.46519,34.353293,5.14668063161824,286.0,286.0,286.0,286.0,0.0,14.9677379,15.6536015,9.391101,17.224111,2.53021578392465,350.1,343.5,243.0,480.0,97.04575095169174,1752.8080114,1726.2457515,1212.399879,2446.58547,492.037536240505,199.94239401084502,200.8677182218622,196.19179705174983,203.33799725387394,2.801780719976944,1.224125874125874,1.201048951048951,0.8496503496503497,1.6783216783216783,0.33932080752339766,1767.7757493,1740.6975685,1228.3757540000001,2462.636596,491.15380883254846,1699.7,1664.5,1236.0,2329.0,436.85366225112756,1.3,1.0,1.0,2.0,0.48304589153964794,0.825,0.825,0.7374999999999999,1.0,0.07144345083117605,1.0,0.0,0.0,1.0,95.10416894087116,10
qwen3:0.6b,standard_modular,001,0.2,1.0,800,40,5.5,5.5,1.0,10.0,3.0276503540974917,2032.0209806,1465.8383215,1260.441731,4157.329071,1064.8017181724022,29.854969699999998,32.513669,17.904134,34.298969,6.241284726736049,286.0,286.0,286.0,286.0,0.0,13.881684,14.725819000000001,8.879254,18.938869,3.677147696760418,390.8,280.0,242.0,800.0,206.38141604536222,1980.5806645,1409.7966040000001,1218.969669,4108.394386,1064.5556644747867,197.98625325848954,198.11822316070482,194.7232726064776,200.99752582972025,2.003043703657299,1.3664335664335665,0.9790209790209791,0.8461538461538461,2.797202797202797,0.7216133428159517,1994.4623485,1424.5872454999999,1233.885802,4117.849468,1062.326417435541,1898.4,1371.0,1163.0,3747.0,962.5720405940187,1.2,1.0,1.0,2.0,0.4216370213557839,0.8162499999999999,0.825,0.7374999999999999,0.825,0.027669929526473326,1.0,0.0,0.0,1.0,95.02920801931563,10
llama3.2:1b,batch_action_modular,001,0.7,0.9,500,0,5.5,5.5,1.0,10.0,3.0276503540974917,488.7770036,423.60975399999995,344.829636,817.979885,175.19419413322274,34.085247,35.428279,28.478552,36.039815,2.5337081091545555,298.0,298.0,298.0,298.0,0.0,3.6617578,3.6661525,2.46282,4.60353,0.6390409080431567,55.5,47.5,37.0,97.0,21.975997006835538,449.2896958,384.25537599999996,307.184469,781.918357,176.295336251452,123.36926223097149,123.82497479853932,120.44879781991844,125.12792520904686,1.4376690195994752,0.18624161073825501,0.1593959731543624,0.12416107382550336,0.32550335570469796,0.07374495639877696,452.9514536,388.00658949999996,311.072141,784.966116,176.22863578778924,203.6,173.0,124.0,394.0,96.0071756577485,1.2,1.0,1.0,2.0,0.4216370213557839,0.7637499999999999,0.7374999999999999,0.5625,1.0,0.15461084660815003,1.0,0.0,0.0,1.0,94.93284933941933,10
qwen3:0.6b,standard_modular,001,0.7,1.0,800,0,5.5,5.5,1.0,10.0,3.0276503540974917,2460.150272,2615.6743005,1433.490175,4093.890758,823.9444896659777,30.9824563,32.210714499999995,19.830726,33.002612,3.933692880940731,286.0,286.0,286.0,286.0,0.0,13.5164626,14.2624505,9.541947,19.957143,3.3552140658649545,477.0,510.5,273.0,800.0,163.4808857328587,2407.9806722,2565.6587535,1378.892549,4038.532828,825.788616590805,198.07252821803144,198.03835564498925,195.16137234516984,201.43342910277977,1.7645991377798607,1.667832167832168,1.784965034965035,0.9545454545454546,2.797202797202797,0.571611488576429,2421.4971348,2575.9347915,1393.641038,4053.9639319999997,824.5009232677739,2290.3,2413.0,1327.0,3865.0,797.5952816644124,1.0,1.0,1.0,1.0,0.0,0.825,0.825,0.825,0.825,0.0,1.0,0.0,0.0,1.0,94.90895859766185,10
qwen3:0.6b,batch_action_modular,001,0.7,1.0,500,0,5.5,5.5,1.0,10.0,3.0276503540974917,1791.6238207,1786.796496,1024.099137,2565.76386,483.26575532911414,32.6680274,32.6692345,31.945679,33.458698,0.5054320344398888,286.0,286.0,286.0,286.0,0.0,15.2778139,15.2672305,12.310095,17.126173,1.243348927528789,343.4,342.0,192.0,500.0,94.34946858473673,1736.0025664,1731.1920624999998,965.678852,2510.934444,483.6346998138425,198.0645993923181,198.97645852050755,193.6879706015587,202.61402823893613,3.1404396034667315,1.2006993006993008,1.1958041958041958,0.6713286713286714,1.7482517482517483,0.32989324679977877,1751.2803803,1746.379605,982.805025,2526.082342,483.5463067672886,1647.0,1661.5,896.0,2325.0,448.49996903257664,1.3,1.0,1.0,3.0,0.6749485577105528,0.8179166666666666,0.825,0.46249999999999997,1.0,0.13949935284597004,1.0,0.0,0.0,1.0,94.58541904797059,10
llama3.2:1b,standard_modular,001,0.7,1.0,800,0,5.5,5.5,1.0,10.0,3.0276503540974917,539.4830324,489.7912285,345.33062,754.9367,160.5445884803357,32.9625137,35.4968815,20.101976,37.274813,6.478252394862454,298.0,298.0,298.0,298.0,0.0,4.0106295,4.1320645,2.82579,4.569809,0.5035331130144824,61.4,55.5,37.0,89.0,19.928762017635606,500.65799319999996,451.79953649999993,303.674343,728.600237,161.78325892327308,122.59566508557089,122.41264471956941,119.87172492466749,125.3916191186162,1.5258643423210927,0.20604026845637582,0.18624161073825501,0.12416107382550336,0.2986577181208054,0.06687504032763626,504.6686227,455.2286415,307.841358,732.748818,161.79704930889403,231.5,215.5,124.0,346.0,83.87325093390754,1.4,1.0,1.0,2.0,0.5163977794943223,0.74625,0.7374999999999999,0.475,1.0,0.15679626731668217,1.0,0.0,0.0,1.0,94.57628854410515,10
llama3.2:1b,batch_action_modular,001,0.7,1.0,500,0,5.5,5.5,1.0,10.0,3.0276503540974917,552.2218634,464.488192,418.335454,993.16126,187.37633886402108,33.863620499999996,35.512086999999994,20.249934,37.055698,5.092418945288275,298.0,298.0,298.0,298.0,0.0,3.9896252,3.9986315,3.003615,4.851648,0.5425322203908057,63.3,52.0,47.0,118.0,23.471259020342305,512.3830769,423.91544550000003,377.58559,951.024618,186.2340930516837,123.29014848110977,123.50223077589362,120.26842412446587,125.1843349111593,1.5816897378599144,0.21241610738255032,0.174496644295302,0.15771812080536912,0.3959731543624161,0.0787626141622225,516.3727021,428.169872,381.02700500000003,954.800847,186.028319547249,232.1,193.5,150.0,441.0,93.72352959636123,1.4,1.0,1.0,3.0,0.699205898780101,0.7579166666666666,0.7958333333333333,0.475,1.0,0.19251473007615885,1.0,0.0,0.0,1.0,94.518206573811,10
llama3.2:1b,batch_action_modular,001,0.7,1.0,500,40,5.5,5.5,1.0,10.0,3.0276503540974917,626.1467673,535.2993875,392.397706,976.606467,242.05450763630287,33.9995181,35.248439000000005,20.917248,36.385714,4.637793515594325,298.0,298.0,298.0,298.0,0.0,4.0332809,4.0376905,3.615134,4.538164,0.2871943215936826,72.3,61.0,43.0,116.0,30.331684936895794,586.1274783,493.6913875,351.652524,935.501427,243.4372915629364,123.1296514938641,122.94484308031673,122.020780947044,124.34141659289617,0.8188846011517392,0.24261744966442952,0.20469798657718122,0.14429530201342283,0.38926174496644295,0.1017841776405899,590.1607592,497.7331300000001,355.921257,939.451626,243.46476885144313,270.6,223.0,153.0,499.0,128.75230310777184,1.5,1.5,1.0,2.0,0.5270462766947299,0.7112499999999999,0.6499999999999999,0.6499999999999999,0.825,0.08300978857941999,1.0,0.0,0.0,1.0,94.46178769843668,10
llama3.2:1b,standard_modular,001,0.7,0.9,500,0,5.5,5.5,1.0,10.0,3.0276503540974917,733.71666,750.060071,421.978067,1124.675322,254.5354277259436,34.6411182,35.6025845,28.517076,37.616694,3.2914785780701723,298.0,298.0,298.0,298.0,0.0,4.2878718000000005,4.051699,3.166118,5.936164,0.9496486212624822,86.1,88.0,47.0,135.0,31.73308823434758,692.7966213,706.9754244999999,381.648637,1084.876344,254.59231319353364,124.19639155004914,124.02143893741476,123.14992231978022,125.38456972482072,0.6918075315678178,0.2889261744966443,0.2953020134228188,0.15771812080536912,0.45302013422818793,0.10648687326962276,697.0844931,711.386851,386.322577,1088.098809,254.9277446546024,323.3,335.5,168.0,510.0,124.45440932325378,2.0,2.0,1.0,3.0,0.816496580927726,0.7083333333333333,0.7083333333333334,0.475,1.0,0.1435468908633803,1.0,0.0,0.0,1.0,93.88679198217008,10
llama3.2:1b,batch_action_modular,001,0.7,0.9,800,40,5.5,5.5,1.0,10.0,3.0276503540974917,518.2372289,453.4755825,377.233651,824.464163,143.00223354453513,34.3766888,35.7746765,20.524927,36.589996,4.905009118805382,298.0,298.0,298.0,298.0,0.0,4.050016,3.9821954999999996,3.057938,5.562106,0.6154828721741799,58.7,52.0,41.0,97.0,17.832866037491314,477.925432,419.592708,334.970508,783.987135,142.8401370266374,122.70984429362912,122.85975794807786,120.35247297791743,124.58580784876608,1.3476369613270132,0.19697986577181206,0.174496644295302,0.13758389261744966,0.32550335570469796,0.05984183234057487,481.97544800000003,423.0392475,338.974179,787.841053,142.7798123809155,217.6,187.0,149.0,360.0,70.29177287089388,1.2,1.0,1.0,2.0,0.4216370213557839,0.69375,0.7374999999999999,0.475,0.9125,0.17131537681519815,1.0,0.0,0.0,1.0,93.63465760750191,10
llama3.2:1b,batch_action_modular,001,0.7,1.0,800,0,5.5,5.5,1.0,10.0,3.0276503540974917,503.6681992,461.4424675,378.779165,799.89382,132.38870448732192,34.5224213,35.809601,20.468797,37.914952,5.02905868161992,298.0,298.0,298.0,298.0,0.0,3.8446849,3.9302365000000004,3.010137,4.496745,0.48156858443988365,57.2,52.0,41.0,94.0,16.28769133084517,463.4348502,419.908751,335.94164,755.792229,130.73287641715538,123.37170080397553,123.28576422857347,121.22953641801554,124.93058056607218,1.320434563410048,0.1919463087248322,0.174496644295302,0.13758389261744966,0.31543624161073824,0.05465668231827238,467.2795351,423.50359100000003,339.854108,760.057585,130.88933429788838,212.8,189.0,149.0,363.0,66.73962674287127,1.2,1.0,1.0,2.0,0.4216370213557839,0.69375,0.6937499999999999,0.475,1.0,0.18097440733736667,1.0,0.0,0.0,1.0,93.58113592876117,10
qwen3:0.6b,standard_modular,001,0.2,0.9,800,0,5.5,5.5,1.0,10.0,3.0276503540974917,1965.2622883,1560.9390290000001,1289.163562,4164.153944,910.9319822371589,30.8321568,32.672443,18.677926,33.836567,4.546554163712896,286.0,286.0,286.0,286.0,0.0,15.1503493,14.9352395,9.278989,23.308217,3.6691845670266985,375.1,306.0,248.0,800.0,175.57363127759248,1911.155091,1513.087665,1239.499993,4108.673654,908.6787637591912,196.7335973158609,195.32332542184173,190.66603908456884,202.87960614913018,4.10044952427514,1.3115384615384615,1.06993006993007,0.8671328671328671,2.797202797202797,0.6138938156559177,1926.3054403,1526.441934,1251.412515,4123.605647,910.1623305464116,1803.7,1454.0,1236.0,4024.0,875.6182641108193,1.3,1.0,1.0,2.0,0.48304589153964794,0.79625,0.825,0.1,1.0,0.25522661499146204,1.0,0.0,0.0,1.0,93.31055240834516,10
qwen3:0.6b,batch_action_modular,001,0.2,0.9,500,0,5.5,5.5,1.0,10.0,3.0276503540974917,1750.4927559,1636.2507945,1303.920161,2592.417348,445.0443195505987,30.3376137,32.812006,18.105658,34.546057,6.191270612438758,286.0,286.0,286.0,286.0,0.0,16.6714724,15.833187500000001,10.436548,26.060584,4.5881979093801135,333.8,312.0,252.0,500.0,85.05788878431233,1696.1236276,1573.269407,1248.035146,2550.900126,448.9787150463732,197.2843616092008,198.10056080378203,188.9446174318011,203.0487228025707,4.934727636295794,1.1671328671328671,1.0909090909090908,0.8811188811188811,1.7482517482517483,0.2974052055395536,1712.7951,1594.2701545,1263.17479,2566.62559,449.46775163737306,1628.5,1511.0,1234.0,2478.0,417.73522980737715,1.3,1.0,1.0,2.0,0.48304589153964794,0.7787499999999999,0.825,0.1,1.0,0.2523535053583894,1.0,0.0,0.0,1.0,93.22314130855261,10
llama3.2:1b,standard_modular,001,0.7,1.0,500,0,5.5,5.5,1.0,10.0,3.0276503540974917,612.2336724,601.260077,385.547359,935.104002,209.0667837023969,35.8595836,35.7650465,34.983072,37.23244,0.6645985886525285,298.0,298.0,298.0,298.0,0.0,4.1140706,3.995526,2.978391,5.859357,0.8991636561016267,70.2,69.0,42.0,110.0,26.080218131330454,570.3817595,559.6395004999999,342.91827,895.179995,209.97201372403987,122.90260105579513,122.70749846472057,120.4871338635607,125.1100302750565,1.276279856831019,0.23557046979865773,0.23154362416107382,0.14093959731543623,0.3691275167785235,0.08751751050782032,574.4958301,563.33133,348.230068,898.369006,209.43837768143538,264.5,257.5,139.0,448.0,112.87972950593624,1.5,1.5,1.0,2.0,0.5270462766947299,0.6849999999999999,0.7374999999999999,0.3,1.0,0.19867617426914133,1.0,0.0,0.0,1.0,93.19839070649827,10
llama3.2:1b,standard_modular,001,0.7,0.9,800,0,5.5,5.5,1.0,10.0,3.0276503540974917,560.1846144,482.014618,384.891145,1037.130341,201.1666374596431,35.8654047,36.043200999999996,34.788711,37.142678,0.7380137437639318,298.0,298.0,298.0,298.0,0.0,3.6398663,3.717614,2.900844,4.215428,0.4925651598977766,64.2,54.5,43.0,124.0,25.12988482088828,518.5863139,440.250647,343.822678,995.812874,201.03320998720173,123.71166225595314,124.07013330133458,122.07060691881432,125.06446709719363,1.0560603139370273,0.21543624161073827,0.18288590604026844,0.14429530201342283,0.4161073825503356,0.08432847255331637,522.2261802,443.8066895,346.944802,998.86767,200.8860750422281,241.0,206.0,146.0,472.0,100.9499325848655,1.3,1.0,1.0,3.0,0.6749485577105528,0.6645833333333333,0.6499999999999999,0.475,1.0,0.1778130390377822,1.0,0.0,0.0,1.0,93.06606314309636,10
qwen3:0.6b,standard_modular,001,0.2,1.0,500,40,5.5,5.5,1.0,10.0,3.0276503540974917,1740.4204043,1672.4771245000002,1054.431122,2545.385771,540.64104215195,31.0540011,32.247431000000006,17.97578,33.22922,4.613737490412215,286.0,286.0,286.0,286.0,0.0,17.6037004,15.8236715,13.939068,28.447031,4.202804027698867,335.9,322.5,201.0,500.0,107.16285633454241,1684.2709949,1616.714625,1000.474827,2504.001704,544.0907603934525,199.65415862808808,200.17967917249572,195.25181949263285,201.0502946617409,1.8067161915143286,1.1744755244755245,1.1276223776223775,0.7027972027972028,1.7482517482517483,0.37469530186902944,1701.8746953,1633.6780385000002,1014.413895,2519.9574399999997,543.1179010256923,1622.5,1554.5,943.0,2470.0,514.1528631318381,1.3,1.0,1.0,3.0,0.6749485577105528,0.7495833333333333,0.825,0.1,1.0,0.24051810396170456,1.0,0.0,0.0,1.0,92.89228383059617,10
qwen3:0.6b,batch_action_modular,001,0.7,0.9,800,0,5.5,5.5,1.0,10.0,3.0276503540974917,2027.2086037000001,1933.3793105,1087.961113,4084.920406,901.9753337136824,32.4914605,32.492109,31.884442,32.976467,0.3623641409687993,286.0,286.0,286.0,286.0,0.0,15.3576103,15.1130245,12.416127,18.816971,2.1673012837448864,394.3,378.0,207.0,800.0,177.7764201337049,1971.933724,1877.294666,1035.576802,4027.366476,900.4016575289614,200.2949199713351,200.26043223845528,197.51203617252233,202.60742595221797,1.5190707353759685,1.3786713286713286,1.3216783216783217,0.7237762237762237,2.797202797202797,0.6215958745933737,1987.2913343,1893.9887989999997,1048.327045,4044.1059990000003,901.7732551249233,1882.0,1793.0,996.0,3831.0,848.8902559616682,1.3,1.0,1.0,2.0,0.48304589153964794,0.7525,0.825,0.1,1.0,0.24365560850420734,1.0,0.0,0.0,1.0,92.64331367251093,10
llama3.2:1b,batch_action_modular,001,0.7,0.9,800,0,5.5,5.5,1.0,10.0,3.0276503540974917,654.0823377,630.6004265,417.099679,1023.041697,229.19313428998515,32.4992693,34.8542665,19.392151,35.800813,5.075345686729155,298.0,298.0,298.0,298.0,0.0,4.1862089000000005,3.853437,3.262776,6.365279,1.166096556266385,75.6,73.5,46.0,120.0,28.17485088198733,615.5283745,598.1091625,379.697166,982.391444,228.7850823615856,122.74717647094208,122.62879217290059,121.06233663673937,124.89003432477702,1.2353538292583344,0.2536912751677852,0.24664429530201343,0.15436241610738255,0.40268456375838924,0.09454647946975614,619.7145834,601.9865445,383.377089,986.452395,228.7513680302537,293.7,286.5,161.0,522.0,129.48792307478803,1.5,1.5,1.0,2.0,0.5270462766947299,0.6499999999999999,0.6937499999999999,0.3,0.825,0.18902160370356258,1.0,0.0,0.0,1.0,92.62595201134101,10
llama3.2:1b,standard_modular,001,0.7,0.9,500,40,5.5,5.5,1.0,10.0,3.0276503540974917,643.6040221,590.0409305000001,394.650171,1010.174047,236.11439254252727,36.5049976,36.226372,34.84464,38.341294,1.1374346402246298,298.0,298.0,298.0,298.0,0.0,4.4761348,4.239936,3.14081,6.588873,0.9073902619623918,73.6,67.5,43.0,120.0,29.224038811301295,600.5675618,547.6633919999999,352.043692,967.554002,235.9497619225428,122.34099733696384,122.30073136697257,120.15146614225803,124.77047425793369,1.5219914523320388,0.24697986577181208,0.22651006711409394,0.14429530201342283,0.40268456375838924,0.09806724433322582,605.0436966,552.13898,356.182315,971.685151,235.83269675481233,280.9,252.0,151.0,466.0,123.37157064917527,1.6,1.5,1.0,3.0,0.699205898780101,0.6499999999999999,0.6499999999999999,0.38749999999999996,1.0,0.2143303524935281,1.0,0.0,0.0,1.0,92.43405844602651,10
qwen3:0.6b,batch_action_modular,001,0.7,1.0,800,0,5.5,5.5,1.0,10.0,3.0276503540974917,2134.9714795,1581.3471399999999,1117.818038,4204.002365,1120.834356594555,31.1718823,32.2642075,20.746127,32.747984,3.6798541126409723,286.0,286.0,286.0,286.0,0.0,14.7001344,15.517267,11.222604,16.130511,1.8625467035983103,411.6,303.0,213.0,800.0,216.04587990105765,2081.354475,1525.2042305,1062.131608,4147.735805,1120.1362844717685,198.79435029623806,199.96568937461478,192.876315563691,202.5124334023635,2.9058287098719537,1.439160839160839,1.0594405594405596,0.7447552447552448,2.797202797202797,0.7554051744792225,2096.0546094,1541.0112265,1077.151999,4163.6669010000005,1120.8632104782448,1969.6,1445.0,1003.0,3963.0,1045.6723727397177,1.3,1.0,1.0,4.0,0.9486832980505138,0.7324999999999999,0.825,0.1,1.0,0.3427928593836873,1.0,0.0,0.0,1.0,91.47847609126666,10
qwen3:0.6b,batch_action_modular,001,0.7,0.9,500,40,5.5,5.5,1.0,10.0,3.0276503540974917,1724.5400927,1646.270153,1220.126598,2555.451998,477.7245364055179,30.9144331,32.2006735,18.273255,32.893573,4.451809653560461,286.0,286.0,286.0,286.0,0.0,13.6765499,14.597694,8.621568,19.331567,3.619099705297482,336.4,320.0,235.0,500.0,95.88905626353359,1672.5546188,1600.919087,1165.043118,2506.317147,479.07425351971557,201.19975340842166,201.42215571345898,199.11808478923462,203.06175997221962,1.2734460378054286,1.1762237762237762,1.118881118881119,0.8216783216783217,1.7482517482517483,0.33527642050186574,1686.2311687000001,1614.8956545,1179.8272510000002,2515.9213640000003,477.8507464524851,1599.9,1524.5,1123.0,2427.0,468.6008607190843,1.3,1.0,1.0,2.0,0.48304589153964794,0.6975,0.825,0.1,1.0,0.3196026178449315,1.0,0.0,0.0,1.0,91.45356432677205,10
qwen3:0.6b,batch_action_modular,001,0.7,1.0,500,40,5.5,5.5,1.0,10.0,3.0276503540974917,1873.1284285,1843.839967,1235.716451,2615.1741,474.6869737341594,31.099135699999998,32.379262,19.603312,32.681113,4.0461835565293445,286.0,286.0,286.0,286.0,0.0,17.7635686,17.387636,11.723396,26.654106,3.825552890747172,356.9,355.0,230.0,500.0,92.67320120845196,1816.4157781,1782.176587,1176.807184,2558.608131,474.0850878807676,196.56139647021146,196.177405451238,189.00758467466687,202.41569051171672,3.5946445055596987,1.2479020979020978,1.2412587412587412,0.8041958041958042,1.7482517482517483,0.3240321720575244,1834.1793467,1803.211359,1195.093719,2574.469427,473.0082100335157,1724.6,1757.0,1120.0,2421.0,445.23456988673087,1.2,1.0,1.0,2.0,0.4216370213557839,0.6975,0.825,0.1,1.0,0.3196026178449315,1.0,0.0,0.0,1.0,91.24582424944147,10
qwen3:0.6b,standard_modular,001,0.2,0.9,800,40,5.5,5.5,1.0,10.0,3.0276503540974917,1829.6060367,1381.743545,1234.907944,4203.837873,921.7244129658926,32.3180736,33.0160275,28.093283,34.327233,1.8945554620193565,286.0,286.0,286.0,286.0,0.0,14.5463129,15.2799,9.389438,23.400452,4.470152557150208,347.6,260.0,230.0,800.0,176.5680227749823,1775.3891248999998,1330.153343,1178.09691,4156.242278,924.1963941932885,196.4065260807856,196.56006438299318,192.48156062378615,200.69294793893118,3.0436694264968365,1.2153846153846153,0.9090909090909091,0.8041958041958042,2.797202797202797,0.6173707090034346,1789.9354378,1343.400004,1196.235488,4165.631716,921.7646097121873,1681.5,1262.5,1126.0,3962.0,870.5767245529445,1.2,1.0,0.0,3.0,0.7888106377466154,0.8008333333333333,0.825,0.0,1.0,0.3001658492184563,0.9,0.0,0.0,0.9,89.77099625796825,10
qwen3:0.6b,batch_action_modular,001,0.2,1.0,800,0,5.5,5.5,1.0,10.0,3.0276503540974917,1608.7915469,1260.1423260000001,1141.560154,4083.63896,894.4947338541106,31.7637587,32.4086725,22.523597,33.992623,3.3312464142870364,286.0,286.0,286.0,286.0,0.0,12.996683,12.002988,9.924617,17.251915,2.5630321083081355,310.8,243.5,217.0,800.0,177.46473828153393,1556.1838995,1207.7080365000002,1091.467976,4032.141353,895.483708198055,199.84340497413567,200.81017000033438,191.86436337512558,203.2329991952496,3.37540733433044,1.0867132867132867,0.8513986013986015,0.7587412587412588,2.797202797202797,0.6205060779074613,1569.1805825,1218.873991,1102.0035659999999,4043.957199,895.0974308424661,1530.2,1234.5,1033.0,4000.0,895.1151136399534,1.0,1.0,0.0,2.0,0.4714045207910317,0.7775,0.825,0.0,1.0,0.2827076424702932,0.9,0.0,0.0,0.9,89.69081253228191,10
qwen3:0.6b,batch_action_modular,001,0.2,1.0,800,40,5.5,5.5,1.0,10.0,3.0276503540974917,1813.339037,1540.5550094999999,1202.330818,4107.822368,876.5417027218053,32.4418702,32.493257,28.994936,34.787631,1.4296006133772545,286.0,286.0,286.0,286.0,0.0,15.3380371,14.961998999999999,9.392264,21.814338,3.3397399910971926,350.4,298.5,230.0,800.0,172.8629514962648,1757.8297442,1488.185852,1146.057874,4051.842864,875.8423450440634,199.46448334730428,200.28255308583988,195.7213975141823,201.60022402373033,1.8605386907506472,1.2251748251748251,1.0437062937062938,0.8041958041958042,2.797202797202797,0.6044159143226042,1773.1677813000001,1501.83914,1160.987345,4066.837391,876.2893892663967,1709.7,1427.0,1130.0,3935.0,849.987457423801,1.0,1.0,0.0,2.0,0.4714045207910317,0.7775,0.825,0.0,1.0,0.2827076424702932,0.9,0.0,0.0,0.9,89.52463829479126,10
qwen3:0.6b,standard_modular,001,0.7,0.9,500,0,5.5,5.5,1.0,10.0,3.0276503540974917,1763.7488795,1752.9285765,1324.696818,2533.343882,405.5388411786705,30.8974976,32.32369,19.211502,34.031393,4.384051476288602,286.0,286.0,286.0,286.0,0.0,17.1316371,15.0574145,9.21526,26.697818,5.5776128042906485,341.9,342.0,255.0,500.0,82.50986473009017,1708.1764696,1702.676887,1273.351834,2470.477024,405.2246424343322,200.00673252493965,200.27499811643872,195.3530409024609,202.3900627865139,1.8772278369413704,1.1954545454545455,1.1958041958041958,0.8916083916083916,1.7482517482517483,0.28849603052479084,1725.3081067,1715.0764490000001,1286.110374,2493.5613,407.0324244317327,1653.4,1611.0,1187.0,2421.0,419.47379735409777,1.1,1.0,0.0,2.0,0.5676462121975467,0.76,0.825,0.0,1.0,0.2726414006223804,0.9,0.0,0.0,0.9,89.33406935198646,10
qwen3:0.6b,batch_action_modular,001,0.2,1.0,500,0,5.5,5.5,1.0,10.0,3.0276503540974917,1676.0755701,1494.181938,1213.205429,2541.824396,485.3367530329376,32.1282542,32.558225,27.032998,33.737969,1.9252763823002315,286.0,286.0,286.0,286.0,0.0,14.9862944,15.428518,9.245315,21.353636,3.297452803157957,324.4,288.0,227.0,500.0,98.43463708358851,1621.0454932,1441.8585309999999,1155.599241,2490.788235,484.4874180545379,199.91486286217147,200.63127310545275,196.4348815282754,201.9659084507792,1.9157388124870753,1.1342657342657343,1.006993006993007,0.7937062937062938,1.7482517482517483,0.34417705273981997,1636.0317876,1456.9925785,1171.5690029999998,2500.460815,484.7730639620371,1592.2,1378.5,1084.0,2493.0,500.0850594315598,0.9,1.0,0.0,1.0,0.31622776601683794,0.83,0.9125,0.0,1.0,0.3043207372347654,0.9,0.0,0.0,0.9,87.43279689261904,10
qwen3:0.6b,standard_modular,001,0.2,1.0,500,0,5.5,5.5,1.0,10.0,3.0276503540974917,1927.2605879,1909.083333,1253.449352,2601.981708,565.3913912534838,31.3446688,32.58903,18.625087,33.406433,4.487731925412405,286.0,286.0,286.0,286.0,0.0,15.9700688,15.799817000000001,13.582675,18.491232,1.2257483939479406,372.0,367.0,241.0,500.0,109.67629137096536,1871.9519141,1852.26183,1196.764365,2558.414529,567.1587799900523,199.2071386360995,199.76469006855578,195.43353679883668,202.62252830496536,2.377935602497995,1.3006993006993008,1.2832167832167833,0.8426573426573427,1.7482517482517483,0.3834835362621166,1887.9219829,1868.0322409999999,1212.368407,2574.923249,567.0094793449033,1809.7,1771.0,1216.0,2519.0,525.3599929783597,1.0,1.0,0.0,2.0,0.4714045207910317,0.6875,0.825,0.0,1.0,0.34120904312622063,0.9,0.0,0.0,0.9,87.38337270374092,10
qwen3:0.6b,standard_modular,001,0.7,0.9,500,40,5.5,5.5,1.0,10.0,3.0276503540974917,1759.0138621,1557.7476849999998,1271.21768,2547.998691,500.4407047552539,30.9786293,32.679147,18.770891,35.586078,4.957888901529137,286.0,286.0,286.0,286.0,0.0,14.6937159,14.9711465,10.382994,17.40386,1.7380976254192049,341.4,299.0,244.0,500.0,101.68928710100741,1705.4654463,1501.457935,1216.572365,2497.245684,502.98216449426667,200.07344438986297,200.37575826475506,197.55904799212567,202.66195922720138,1.6811420646945199,1.1937062937062937,1.0454545454545454,0.8531468531468531,1.7482517482517483,0.3555569479056203,1720.1591622,1517.401042,1231.891839,2507.628678,502.2082778458627,1637.8,1449.5,1186.0,2460.0,502.27234754773343,1.0,1.0,0.0,2.0,0.4714045207910317,0.6699999999999999,0.825,0.0,0.825,0.32761766334148307,0.9,0.0,0.0,0.9,87.34291977893953,10
qwen3:0.6b,standard_modular,001,0.7,1.0,500,0,5.5,5.5,1.0,10.0,3.0276503540974917,2077.8532836,1959.910905,1611.967977,2590.996887,414.7494853501662,32.7442749,32.703317,31.758865,33.45305,0.5483452470179814,286.0,286.0,286.0,286.0,0.0,14.3584376,14.996431000000001,9.076457,19.182421,3.328802454235864,403.1,383.0,312.0,500.0,81.117815552442,2022.9540031,1906.098743,1556.30927,2530.982598,414.3498751653913,199.3888576033936,199.92441914607144,196.5650549430289,201.19335946147214,1.5698500741063255,1.4094405594405595,1.3391608391608392,1.0909090909090908,1.7482517482517483,0.28362872570783915,2037.3124407,1919.641698,1571.3294779999999,2550.165019,414.5063486709059,1946.2,1844.0,1490.0,2506.0,422.93361706589894,1.3,1.0,0.0,3.0,0.8232726023485646,0.6633333333333333,0.825,0.0,1.0,0.34883403673550145,0.9,0.0,0.0,0.9,86.74391872767403,10
qwen3:0.6b,standard_modular,001,0.7,1.0,800,40,5.5,5.5,1.0,10.0,3.0276503540974917,2430.3603473,1850.7787604999999,1198.609705,4184.157612,1180.358124039285,32.6674239,32.639255000000006,31.828854,33.293166,0.4369869461756011,286.0,286.0,286.0,286.0,0.0,17.0855644,17.602791,14.30451,19.758804,1.8054064495544857,465.1,351.5,227.0,800.0,229.08050501467335,2372.6887461,1792.164123,1142.775641,4126.602993,1181.6525131466053,196.54949460345856,196.75331474851183,193.1449611959379,199.77297930834106,2.345064396268052,1.6262237762237761,1.229020979020979,0.7937062937062938,2.797202797202797,0.8009807867645921,2389.7743105,1809.7808475000002,1158.543391,4144.747273000001,1180.6795128659055,2221.7,1651.0,1059.0,3971.0,1117.6209902188566,1.0,1.0,0.0,2.0,0.6666666666666666,0.6775,0.825,0.0,1.0,0.36121900097678505,0.8,0.0,0.0,0.8,83.0472469804492,10
qwen3:0.6b,standard_modular,001,0.7,1.0,500,40,5.5,5.5,1.0,10.0,3.0276503540974917,2025.3795006,2026.8849635000001,1145.669748,2552.883353,534.3026914578934,32.4951313,32.405902999999995,31.782417,33.114641,0.47793976827421586,286.0,286.0,286.0,286.0,0.0,15.164670600000001,15.07849,12.68351,17.741824,1.481064061888329,394.5,390.5,218.0,500.0,107.08485731730079,1970.1220315,1971.5441095,1089.781464,2500.300596,534.5883001653044,200.26412587896652,200.38095969577125,197.58039567680055,202.49611900434832,1.3908529564151444,1.3793706293706294,1.3653846153846154,0.7622377622377622,1.7482517482517483,0.37442257803252027,1985.2867021,1986.0934155,1104.7741409999999,2514.0898660000003,534.5579013436087,1887.3,1852.0,1016.0,2456.0,527.3451431463079,1.0,1.0,0.0,2.0,0.6666666666666666,0.5862499999999999,0.825,0.0,1.0,0.40954115584802137,0.8,0.0,0.0,0.8,81.2808495106611,10
qwen3:0.6b,batch_action_modular,001,0.7,0.9,500,0,5.5,5.5,1.0,10.0,3.0276503540974917,1860.2402226,1742.3020525,1113.082063,2573.277784,461.9331181964188,32.8459043,32.646755,32.181879,33.766146,0.6335126643434739,286.0,286.0,286.0,286.0,0.0,13.7899032,14.4887975,8.970858,16.741615,2.2603747342615463,361.0,338.0,210.0,500.0,92.15566540732408,1805.9334739,1687.1927704999998,1056.002793,2515.706932,461.88452620484054,199.8867182931649,199.9291618310678,197.19538391951548,201.99025663259306,1.4414708881505,1.2622377622377623,1.1818181818181819,0.7342657342657343,1.7482517482517483,0.322222606319315,1819.7233771,1701.8695945,1071.46857,2532.448547,461.93451626485023,1729.2,1613.5,874.0,2456.0,481.2245491105651,0.9,1.0,0.0,2.0,0.5676462121975467,0.695,0.825,0.0,1.0,0.37319938073069975,0.8,0.0,0.0,0.8,80.88433179643698,10
